tm,ta,rn,ws,wd,hm,pa
2020-07-10 06:00:00,24.1,0.1,2.4,50.0,79,993.1
2020-07-10 07:00:00,24.2,0.0,3.0,50.0,75,992.4
2020-07-10 08:00:00,24.5,0.0,3.5,50.0,72,992.6
2020-07-10 09:00:00,23.3,1.9,2.7,50.0,84,992.3
2020-07-10 10:00:00,24.1,0.0,2.8,70.0,79,992.2
2020-07-10 11:00:00,23.8,0.2,2.6,340.0,83,993.0
2020-07-10 12:00:00,23.9,0.0,2.6,50.0,83,993.1
2020-07-12 17:00:00,24.5,0.1,1.6,70.0,75,998.5
2020-07-12 18:00:00,23.7,0.8,1.5,90.0,82,998.2
2020-07-12 19:00:00,23.0,0.8,1.5,70.0,87,998.0
2020-07-12 20:00:00,22.6,0.6,2.0,110.0,88,998.5
2020-07-12 21:00:00,22.2,0.5,1.9,90.0,90,998.5
2020-07-12 22:00:00,22.1,0.1,2.3,70.0,90,998.2
2020-07-13 02:00:00,20.3,1.3,3.7,50.0,88,996.1
2020-07-13 03:00:00,19.2,2.1,3.6,70.0,90,995.5
2020-07-13 04:00:00,18.3,2.5,3.8,70.0,92,994.7
2020-07-13 05:00:00,18.0,1.8,4.3,50.0,94,994.5
2020-07-13 06:00:00,17.8,2.1,4.4,70.0,94,994.1
2020-07-13 07:00:00,17.8,3.8,4.5,70.0,96,993.8
2020-07-13 08:00:00,18.0,2.1,4.0,50.0,96,994.2
2020-07-13 09:00:00,18.6,0.8,4.8,50.0,96,993.7
2020-07-13 10:00:00,19.1,0.6,4.2,70.0,95,993.8
2020-07-13 11:00:00,19.1,3.9,4.4,50.0,96,993.5
2020-07-13 12:00:00,19.3,2.3,4.3,70.0,95,992.9
2020-07-13 13:00:00,19.4,1.6,3.7,70.0,93,992.9
2020-07-13 14:00:00,19.4,0.6,3.4,70.0,94,992.3
2020-07-13 15:00:00,19.3,0.8,4.0,50.0,94,992.1
2020-07-13 16:00:00,19.3,1.4,3.6,70.0,95,991.9
2020-07-13 17:00:00,19.2,2.8,4.2,70.0,96,991.6
2020-07-13 18:00:00,19.0,1.6,3.5,70.0,96,991.6
2020-07-13 19:00:00,18.6,0.7,4.7,70.0,95,991.7
2020-07-13 20:00:00,18.2,1.5,4.2,70.0,96,991.8
2020-07-13 21:00:00,18.1,1.0,4.9,70.0,96,991.5
2020-07-13 22:00:00,18.1,1.4,4.3,70.0,96,991.8
2020-07-13 23:00:00,18.0,5.6,3.3,50.0,97,992.0
2020-07-14 00:00:00,17.9,5.3,3.8,50.0,97,992.7
2020-07-14 01:00:00,17.7,5.3,3.1,70.0,97,992.7
2020-07-14 02:00:00,17.6,3.7,3.6,70.0,98,991.7
2020-07-14 03:00:00,17.5,0.7,3.6,70.0,96,991.3
2020-07-14 04:00:00,17.3,0.3,2.3,70.0,94,991.9
2020-07-14 05:00:00,17.2,1.0,3.5,50.0,94,992.3
2020-07-14 06:00:00,17.2,0.2,1.8,70.0,93,992.6
2020-07-14 07:00:00,17.5,0.1,2.5,50.0,94,992.8
2020-07-14 08:00:00,18.0,0.2,2.8,50.0,92,993.1
2020-07-14 09:00:00,18.8,0.0,2.5,50.0,89,993.6
2020-07-14 10:00:00,20.0,0.0,3.0,50.0,82,993.8
2020-07-15 00:00:00,20.5,0.0,1.7,50.0,72,995.7
2020-07-17 17:00:00,28.2,0.0,4.5,250.0,67,997.6
2020-07-17 18:00:00,28.3,0.0,2.3,250.0,67,997.3
2020-07-19 07:00:00,22.5,1.2,2.5,50.0,82,996.4
2020-07-19 08:00:00,21.4,7.3,2.8,50.0,91,996.6
2020-07-19 09:00:00,20.7,14.6,3.9,50.0,94,996.5
2020-07-19 10:00:00,20.8,5.8,3.2,50.0,96,996.6
2020-07-19 11:00:00,21.1,0.1,3.7,50.0,96,996.5
2020-07-20 00:00:00,26.2,0.1,1.9,90.0,81,992.5
2020-07-20 01:00:00,26.2,0.1,2.2,90.0,81,991.9
2020-07-20 02:00:00,26.4,0.3,2.2,160.0,83,991.6
2020-07-20 03:00:00,26.4,0.3,3.9,160.0,85,991.5
2020-07-20 04:00:00,25.8,1.0,4.0,180.0,90,991.8
2020-07-20 05:00:00,25.5,0.1,2.9,200.0,91,991.9
2020-07-20 06:00:00,25.3,0.0,6.7,200.0,88,992.0
2020-07-20 07:00:00,24.5,0.0,5.9,200.0,89,992.6
2020-07-20 08:00:00,23.8,0.1,4.3,200.0,93,993.3
2020-07-20 09:00:00,23.3,0.9,5.4,180.0,95,993.8
2020-07-20 10:00:00,23.2,0.7,3.9,200.0,96,994.0
2020-07-20 11:00:00,22.9,0.1,4.3,230.0,94,994.9
2020-07-20 12:00:00,22.8,0.0,4.1,200.0,88,995.6
2020-07-20 13:00:00,22.9,0.0,5.0,230.0,86,996.1
2020-07-21 01:00:00,22.1,0.0,1.4,270.0,91,1001.0
2020-07-22 08:00:00,24.0,0.3,1.2,200.0,88,1000.2
2020-07-22 09:00:00,23.1,6.2,2.7,50.0,93,1000.3
2020-07-22 10:00:00,23.4,2.0,1.5,50.0,95,1000.4
2020-07-22 11:00:00,23.7,0.7,2.2,50.0,94,1000.2
2020-07-22 12:00:00,24.5,0.6,0.9,20.0,91,1000.5
2020-07-22 13:00:00,24.7,0.0,1.6,50.0,88,1000.0
2020-07-22 14:00:00,25.3,0.0,1.6,70.0,85,999.6
2020-07-22 15:00:00,25.6,0.0,1.8,70.0,84,999.2
2020-07-22 16:00:00,25.3,0.2,1.4,140.0,86,998.8
2020-07-22 17:00:00,24.3,0.3,2.3,140.0,91,998.9
2020-07-22 18:00:00,23.5,1.2,2.8,140.0,92,999.2
2020-07-22 19:00:00,23.3,0.0,2.0,200.0,91,999.5
2020-07-22 20:00:00,23.0,0.0,2.0,200.0,91,999.7
2020-07-22 23:00:00,22.6,0.0,0.8,90.0,89,1000.0
2020-07-23 00:00:00,22.6,0.0,0.7,70.0,90,999.8
2020-07-23 01:00:00,22.6,0.0,0.6,70.0,90,999.4
2020-07-23 02:00:00,22.6,0.0,1.4,140.0,92,999.7
2020-07-23 03:00:00,22.5,0.3,0.7,320.0,94,999.8
2020-07-23 04:00:00,22.3,0.2,1.6,110.0,95,998.9
2020-07-23 05:00:00,22.1,0.2,2.1,90.0,95,999.3
2020-07-23 06:00:00,22.1,0.1,1.8,50.0,96,1000.1
2020-07-23 07:00:00,22.1,0.4,1.8,50.0,96,1000.6
2020-07-23 08:00:00,22.1,0.6,2.0,50.0,97,1000.6
2020-07-23 09:00:00,22.2,0.4,2.9,50.0,97,999.9
2020-07-23 10:00:00,22.2,0.0,3.3,50.0,94,998.9
2020-07-23 11:00:00,22.3,0.0,2.3,70.0,89,998.2
2020-07-23 12:00:00,22.2,1.7,2.9,50.0,94,997.4
2020-07-23 13:00:00,22.3,1.6,4.3,50.0,95,996.5
2020-07-23 14:00:00,22.2,0.7,5.0,50.0,93,995.1
2020-07-23 15:00:00,21.7,5.2,3.5,50.0,94,994.7
2020-07-23 16:00:00,21.3,8.7,3.6,70.0,96,994.8
2020-07-23 17:00:00,20.3,10.7,5.6,50.0,97,993.5
2020-07-23 18:00:00,19.8,17.3,6.1,50.0,98,992.2
2020-07-23 19:00:00,19.8,16.6,6.9,50.0,99,991.2
2020-07-23 20:00:00,19.9,9.8,6.5,70.0,98,990.8
2020-07-23 21:00:00,19.5,15.1,4.8,70.0,98,990.7
2020-07-23 22:00:00,19.0,10.4,6.5,50.0,97,991.5
2020-07-23 23:00:00,18.6,2.6,6.4,50.0,95,991.0
2020-07-24 00:00:00,18.8,0.5,6.9,70.0,93,990.8
2020-07-24 01:00:00,19.2,0.0,7.9,50.0,87,989.7
2020-07-24 03:00:00,20.0,0.0,6.3,70.0,81,988.7
2020-07-24 04:00:00,20.2,0.3,4.6,70.0,81,988.3
2020-07-24 05:00:00,20.4,0.0,5.5,70.0,82,988.4
2020-07-24 06:00:00,20.6,0.0,4.2,50.0,79,988.8
2020-07-24 08:00:00,21.3,0.0,5.9,50.0,75,989.9
2020-07-24 09:00:00,21.3,0.0,3.5,70.0,76,989.7
2020-07-24 10:00:00,20.4,2.3,2.5,50.0,89,989.5
2020-07-24 11:00:00,21.6,0.0,3.7,70.0,82,989.3
2020-07-24 12:00:00,21.2,0.3,4.4,50.0,85,988.9
2020-07-24 13:00:00,22.2,0.0,3.9,50.0,80,988.5
2020-07-24 14:00:00,24.0,0.0,2.8,50.0,75,988.3
2020-07-24 18:00:00,25.3,0.0,4.5,50.0,67,988.6
2020-07-24 19:00:00,25.2,0.0,3.6,50.0,65,989.2
2020-07-25 03:00:00,22.3,0.0,0.5,200.0,74,991.4
2020-07-26 06:00:00,21.7,0.0,2.6,70.0,78,997.2
2020-07-27 03:00:00,23.7,0.0,1.2,70.0,85,998.1
2020-07-27 04:00:00,23.4,0.3,2.0,50.0,88,997.9
2020-07-27 05:00:00,23.2,0.3,1.6,50.0,90,998.2
2020-07-27 07:00:00,23.0,0.0,1.4,70.0,89,999.1
2020-07-27 08:00:00,23.4,0.0,1.9,50.0,89,999.0
2020-07-27 09:00:00,24.1,0.0,1.9,70.0,87,999.0
2020-07-27 10:00:00,24.3,0.0,2.8,50.0,84,999.2
2020-07-27 11:00:00,24.3,0.6,2.7,50.0,88,999.5
2020-07-27 12:00:00,24.8,0.3,3.0,50.0,88,999.4
2020-07-27 13:00:00,24.9,0.0,2.3,50.0,87,999.4
2020-07-27 14:00:00,25.4,0.6,2.5,50.0,88,999.2
2020-07-27 15:00:00,25.3,0.0,2.7,50.0,85,998.8
2020-07-27 16:00:00,25.5,0.1,2.5,50.0,81,998.3
2020-07-27 17:00:00,25.3,0.0,2.9,50.0,81,998.0
2020-07-27 18:00:00,25.3,0.0,2.3,50.0,82,997.9
2020-07-27 19:00:00,24.9,0.0,2.2,50.0,84,997.8
2020-07-27 20:00:00,24.5,0.0,1.9,50.0,85,998.1
2020-07-27 21:00:00,24.2,0.0,2.2,50.0,87,998.4
2020-07-27 22:00:00,23.9,0.0,2.2,50.0,88,998.6
2020-07-28 08:00:00,23.5,0.0,2.2,50.0,85,1000.9
2020-07-28 09:00:00,23.9,0.0,2.4,50.0,84,1000.8
2020-07-28 10:00:00,24.5,0.1,2.7,50.0,83,1000.8
2020-07-28 11:00:00,25.1,0.0,1.5,20.0,80,1001.5
2020-07-28 12:00:00,25.9,0.0,2.0,70.0,74,1001.0
2020-07-28 13:00:00,25.9,0.0,2.7,50.0,72,1000.8
2020-07-28 14:00:00,26.1,0.0,2.2,70.0,74,1000.6
2020-07-28 15:00:00,26.4,0.0,1.8,110.0,75,1000.3
2020-07-28 16:00:00,25.9,0.0,2.0,90.0,78,1000.4
2020-07-28 17:00:00,25.3,0.2,1.4,70.0,84,1000.4
2020-07-28 18:00:00,24.8,0.1,2.0,50.0,87,1000.6
2020-07-28 19:00:00,24.4,0.0,2.3,50.0,89,1000.6
2020-07-28 20:00:00,24.2,0.0,2.1,50.0,90,1000.6
2020-07-29 01:00:00,23.9,0.0,2.1,50.0,90,1001.4
2020-07-29 02:00:00,23.4,2.5,2.6,50.0,95,1001.2
2020-07-29 03:00:00,23.1,3.4,2.3,70.0,96,1000.9
2020-07-29 04:00:00,23.0,1.9,2.4,70.0,96,1000.7
2020-07-29 05:00:00,22.9,0.1,2.7,50.0,96,1001.3
2020-07-29 06:00:00,22.7,0.0,2.1,70.0,94,1001.3
2020-07-29 07:00:00,22.7,0.0,2.5,50.0,95,1001.6
2020-07-29 09:00:00,23.0,0.0,2.4,70.0,94,1002.4
2020-07-29 10:00:00,22.7,26.9,2.4,50.0,97,1002.8
2020-07-29 11:00:00,22.9,8.0,1.8,50.0,97,1002.7
2020-07-29 12:00:00,23.1,0.0,2.4,50.0,97,1002.6
2020-07-29 13:00:00,23.4,0.0,2.4,50.0,97,1002.1
2020-07-29 14:00:00,23.5,5.2,2.8,50.0,98,1001.8
2020-07-29 15:00:00,23.8,0.8,2.2,50.0,98,1001.6
2020-07-29 16:00:00,24.3,0.0,1.7,50.0,97,1001.4
2020-07-29 17:00:00,24.6,0.3,1.8,20.0,96,1001.5
2020-07-29 18:00:00,24.9,0.1,1.4,270.0,96,1001.6
2020-07-29 19:00:00,24.7,0.0,1.7,290.0,95,1001.9
2020-07-29 20:00:00,24.5,0.0,1.5,290.0,95,1002.0
2020-07-29 22:00:00,24.5,0.0,0.4,0.0,94,1002.7
2020-07-29 23:00:00,24.4,0.8,1.0,50.0,96,1002.9
2020-07-30 00:00:00,24.3,0.1,1.1,50.0,96,1002.7
2020-07-30 01:00:00,24.2,0.0,0.6,70.0,96,1002.7
2020-07-30 02:00:00,24.2,0.0,1.2,340.0,97,1002.6
2020-07-30 03:00:00,24.2,0.0,1.4,50.0,97,1002.2
2020-07-30 04:00:00,24.0,0.0,1.3,70.0,97,1002.0
2020-07-30 05:00:00,24.0,0.1,1.4,360.0,97,1002.8
2020-07-30 06:00:00,24.0,0.0,1.3,70.0,96,1003.0
2020-07-30 07:00:00,24.1,0.0,1.5,20.0,97,1003.0
2020-07-31 15:00:00,28.9,0.0,3.4,200.0,73,1003.2
2020-07-31 16:00:00,28.4,0.0,2.6,250.0,75,1003.0
2020-07-31 17:00:00,28.5,0.0,3.6,200.0,74,1002.9
2020-07-31 18:00:00,27.7,0.3,2.8,250.0,80,1002.6
2020-07-31 23:00:00,26.2,0.2,2.4,200.0,90,1003.1
2021-06-01 05:00:00,19.0,0.3,2.5,320.0,87,1004.4
2021-06-01 06:00:00,17.7,0.6,3.7,320.0,78,1005.9
2021-06-01 07:00:00,16.8,0.0,2.3,340.0,76,1006.1
2021-06-01 08:00:00,16.1,1.3,1.8,70.0,90,1005.1
2021-06-01 09:00:00,16.7,1.0,3.7,70.0,86,1003.0
2021-06-01 16:00:00,22.5,0.0,2.0,270.0,66,1004.7
2021-06-01 17:00:00,22.9,0.0,2.8,200.0,61,1003.8
2021-06-03 11:00:00,22.5,0.0,2.9,180.0,61,994.9
2021-06-03 12:00:00,22.6,0.0,1.7,180.0,62,994.2
2021-06-03 13:00:00,21.3,0.5,2.0,200.0,75,994.2
2021-06-03 14:00:00,20.1,0.5,1.9,200.0,84,993.6
2021-06-03 15:00:00,19.7,1.7,1.1,290.0,87,992.3
2021-06-03 16:00:00,18.8,1.8,1.7,290.0,94,992.0
2021-06-03 17:00:00,18.7,3.3,0.8,360.0,93,991.3
2021-06-03 18:00:00,18.6,1.2,1.7,270.0,94,990.9
2021-06-03 19:00:00,18.6,1.2,1.2,270.0,95,991.2
2021-06-03 20:00:00,18.4,1.5,2.2,270.0,95,990.8
2021-06-03 21:00:00,15.5,4.8,6.7,320.0,80,991.7
2021-06-03 22:00:00,14.9,0.3,2.2,250.0,85,992.5
2021-06-03 23:00:00,14.9,0.8,1.0,90.0,84,992.1
2021-06-04 00:00:00,14.7,0.5,2.2,50.0,91,991.0
2021-06-07 09:00:00,21.0,0.0,2.0,160.0,73,1004.0
2021-06-07 10:00:00,21.1,0.0,2.6,110.0,70,1003.6
2021-06-07 11:00:00,21.6,0.0,2.2,140.0,68,1003.6
2021-06-07 13:00:00,21.4,0.0,2.1,250.0,65,1005.1
2021-06-07 14:00:00,21.3,0.0,1.4,340.0,68,1004.6
2021-06-07 15:00:00,22.1,0.0,1.6,20.0,64,1004.3
2021-06-07 16:00:00,22.8,0.0,1.0,340.0,63,1003.6
2021-06-08 05:00:00,19.0,0.1,1.4,50.0,85,1005.2
2021-06-08 06:00:00,18.8,0.0,1.3,50.0,84,1005.6
2021-06-10 18:00:00,26.7,0.0,1.8,290.0,62,999.5
2021-06-10 19:00:00,25.1,0.0,1.3,290.0,73,999.4
2021-06-10 20:00:00,24.0,0.5,2.5,50.0,79,998.4
2021-06-10 21:00:00,23.7,0.0,1.9,50.0,82,998.5
2021-06-10 22:00:00,23.1,0.2,2.6,140.0,69,998.5
2021-06-10 23:00:00,22.2,0.6,3.0,110.0,80,998.3
2021-06-11 00:00:00,20.5,4.8,2.2,90.0,90,998.3
2021-06-11 01:00:00,20.0,1.5,2.9,90.0,92,997.4
2021-06-11 02:00:00,20.3,0.3,4.4,140.0,88,996.7
2021-06-11 03:00:00,20.1,2.0,2.5,160.0,95,997.1
2021-06-11 04:00:00,20.2,0.8,3.7,180.0,96,997.3
2021-06-11 05:00:00,20.6,0.0,4.7,180.0,94,997.7
2021-06-15 03:00:00,22.5,0.1,1.7,250.0,75,994.7
2021-06-15 04:00:00,21.9,0.2,1.2,340.0,81,994.4
2021-06-15 05:00:00,21.7,0.0,1.4,290.0,83,994.7
2021-06-15 06:00:00,21.5,0.0,1.2,70.0,86,994.9
2021-06-15 08:00:00,21.9,0.0,2.6,70.0,87,994.4
2021-06-15 09:00:00,22.0,0.2,1.9,50.0,89,994.4
2021-06-15 10:00:00,22.0,0.2,2.0,50.0,91,994.2
2021-06-15 11:00:00,21.8,0.8,3.6,50.0,91,994.9
2021-06-15 12:00:00,21.5,0.4,2.7,50.0,87,995.2
2021-06-15 13:00:00,22.0,0.0,3.1,50.0,85,995.1
2021-06-15 14:00:00,22.5,0.0,2.2,50.0,83,994.8
2021-06-17 16:00:00,24.0,0.0,1.8,160.0,67,995.0
2021-06-17 17:00:00,23.4,0.0,2.5,200.0,71,994.9
2021-06-17 18:00:00,23.0,0.0,2.7,180.0,72,994.7
2021-06-17 22:00:00,21.5,0.0,2.3,250.0,84,995.2
2021-06-17 23:00:00,21.2,0.0,2.0,230.0,85,994.8
2021-06-18 00:00:00,21.0,0.0,2.2,200.0,85,994.4
2021-06-18 02:00:00,20.3,0.0,2.4,200.0,87,993.4
2021-06-18 03:00:00,19.8,0.1,1.8,230.0,91,993.2
2021-06-18 04:00:00,19.6,0.2,2.0,200.0,92,992.8
2021-06-18 05:00:00,19.3,0.8,3.5,230.0,97,992.8
2021-06-18 06:00:00,19.1,1.0,3.2,230.0,98,992.7
2021-06-18 07:00:00,19.0,1.5,2.3,200.0,96,992.4
2021-06-18 08:00:00,19.1,0.8,2.3,200.0,97,992.3
2021-06-18 09:00:00,19.4,0.8,2.4,180.0,98,991.9
2021-06-18 10:00:00,19.7,0.4,2.3,180.0,97,991.5
2021-06-18 11:00:00,20.0,0.4,2.4,180.0,98,991.3
2021-06-18 12:00:00,20.3,0.3,3.0,200.0,96,990.7
2021-06-18 13:00:00,20.0,0.0,3.0,200.0,95,990.4
2021-06-19 00:00:00,19.2,0.0,2.0,270.0,92,991.5
2021-06-22 03:00:00,20.9,0.0,1.1,50.0,74,997.8
2021-06-22 04:00:00,20.5,0.0,2.0,20.0,76,997.7
2021-06-22 15:00:00,23.2,0.0,1.4,200.0,66,997.3
2021-06-22 19:00:00,24.1,0.0,2.0,320.0,58,998.4
2021-06-22 21:00:00,22.1,0.0,1.4,50.0,73,998.8
2021-06-23 16:00:00,22.7,7.4,2.5,70.0,72,999.3
2021-06-23 17:00:00,22.6,0.1,2.6,200.0,73,999.7
2021-06-26 02:00:00,22.2,0.0,1.3,290.0,82,1000.6
2021-06-26 03:00:00,22.1,0.1,0.9,290.0,85,1000.5
2021-06-26 04:00:00,21.5,1.3,2.4,250.0,90,1000.6
2021-06-26 05:00:00,20.5,2.2,2.5,270.0,88,1000.9
2021-06-26 06:00:00,20.0,0.7,0.5,270.0,87,1001.1
2021-06-26 07:00:00,19.9,0.1,0.8,20.0,88,1001.2
2021-06-26 08:00:00,20.4,0.0,1.0,50.0,91,1001.7
2021-06-26 09:00:00,21.2,0.0,1.8,50.0,88,1001.9
2021-06-26 10:00:00,21.9,0.0,1.4,70.0,84,1001.5
2021-06-26 11:00:00,22.6,0.0,1.8,110.0,81,1001.4
2021-06-26 12:00:00,23.2,0.0,1.2,70.0,79,1001.1
2021-06-26 13:00:00,23.8,0.0,2.3,50.0,76,1000.9
2021-06-26 14:00:00,24.9,0.1,1.7,50.0,70,1000.3
2021-06-27 19:00:00,22.3,30.2,4.8,250.0,86,995.9
2021-06-27 20:00:00,22.2,8.0,2.7,160.0,88,996.3
2021-06-27 21:00:00,22.4,0.0,0.4,0.0,85,996.3
2021-06-27 22:00:00,22.2,0.0,1.5,50.0,90,996.4
2021-06-28 08:00:00,21.4,0.0,2.4,50.0,85,996.4
2021-06-28 16:00:00,26.0,0.0,1.6,20.0,66,994.3
2021-06-28 17:00:00,25.3,0.0,1.8,250.0,75,994.1
2021-06-28 19:00:00,25.0,0.1,0.4,0.0,78,994.1
2021-06-29 14:00:00,25.7,0.0,1.0,290.0,70,995.1
2021-06-29 17:00:00,24.1,7.5,2.8,250.0,84,995.0
2021-06-29 18:00:00,24.0,0.5,1.5,270.0,83,994.8
2021-06-30 12:00:00,24.7,0.0,3.6,50.0,71,998.0
2021-06-30 13:00:00,22.7,6.0,0.9,160.0,86,997.8
2021-06-30 14:00:00,25.4,0.0,0.7,360.0,77,997.4
2021-07-03 15:00:00,25.2,0.0,3.4,50.0,70,996.0
2021-07-03 16:00:00,23.3,1.4,3.5,70.0,84,995.1
2021-07-03 17:00:00,22.3,4.3,3.1,50.0,91,995.3
2021-07-03 18:00:00,20.9,13.6,4.7,50.0,97,993.9
2021-07-03 19:00:00,20.5,10.6,4.7,50.0,99,993.7
2021-07-03 20:00:00,20.2,6.4,5.1,70.0,99,993.1
2021-07-03 21:00:00,19.8,10.8,4.7,70.0,100,993.7
2021-07-03 22:00:00,19.7,2.4,4.9,50.0,100,992.7
2021-07-03 23:00:00,19.6,4.8,4.5,70.0,100,991.6
2021-07-04 00:00:00,19.8,5.7,2.7,50.0,100,991.0
2021-07-04 01:00:00,20.1,3.0,3.2,70.0,100,989.6
2021-07-04 02:00:00,20.2,4.3,2.4,70.0,100,989.6
2021-07-04 03:00:00,20.4,0.7,2.0,70.0,99,989.5
2021-07-04 04:00:00,20.6,1.2,1.1,70.0,100,989.5
2021-07-04 05:00:00,20.8,3.3,1.0,70.0,100,989.8
2021-07-04 06:00:00,21.0,1.5,0.9,90.0,99,990.4
2021-07-04 07:00:00,21.2,1.8,1.2,70.0,100,991.2
2021-07-04 08:00:00,21.7,1.5,2.1,180.0,100,991.9
2021-07-04 09:00:00,22.0,1.2,1.6,110.0,99,992.4
2021-07-04 10:00:00,22.1,0.6,1.0,110.0,99,992.8
2021-07-04 11:00:00,22.3,0.3,2.0,110.0,98,993.1
2021-07-04 12:00:00,22.5,0.5,1.7,110.0,98,993.4
2021-07-04 13:00:00,22.7,0.4,1.0,140.0,99,993.5
2021-07-04 14:00:00,22.7,0.8,1.9,140.0,98,993.9
2021-07-04 15:00:00,23.1,0.0,0.7,160.0,96,994.5
2021-07-04 16:00:00,22.5,0.3,3.4,180.0,94,995.0
2021-07-04 17:00:00,21.5,0.0,4.3,200.0,95,995.4
2021-07-04 18:00:00,21.1,0.0,3.7,200.0,97,996.1
2021-07-04 19:00:00,20.9,0.0,3.0,230.0,97,997.2
2021-07-07 04:00:00,24.0,0.0,0.8,20.0,80,997.6
2021-07-07 05:00:00,23.9,0.0,0.7,20.0,81,998.0
2021-07-07 21:00:00,25.9,4.6,2.5,250.0,90,995.9
2021-07-07 22:00:00,25.5,8.1,1.0,270.0,91,996.3
2021-07-07 23:00:00,25.5,0.0,0.7,200.0,90,996.3
2021-07-08 00:00:00,25.1,0.0,1.1,250.0,92,996.2
2021-07-08 01:00:00,24.5,2.6,2.1,270.0,93,995.6
2021-07-08 02:00:00,24.3,0.3,1.8,270.0,94,994.9
2021-07-08 14:00:00,29.1,0.0,3.4,180.0,70,995.0
2021-07-08 15:00:00,29.8,0.0,1.6,200.0,67,994.3
2021-07-09 10:00:00,25.2,0.0,1.5,50.0,81,995.5
2021-07-09 12:00:00,26.3,0.0,1.5,290.0,76,995.5
2021-07-10 04:00:00,23.8,0.0,1.9,160.0,83,996.6
2021-07-10 05:00:00,23.8,0.0,2.0,160.0,85,997.0
2021-07-10 06:00:00,23.4,0.2,1.6,180.0,87,997.2
2021-07-10 07:00:00,23.2,0.0,0.3,0.0,84,997.4
2021-07-10 08:00:00,23.7,0.1,1.4,360.0,88,997.1
2021-07-10 10:00:00,25.1,0.0,1.4,200.0,85,997.5
2021-07-10 11:00:00,26.3,0.2,2.3,180.0,80,997.8
2021-07-11 06:00:00,24.5,0.0,2.7,200.0,88,999.4
2021-07-11 07:00:00,24.1,0.3,2.0,180.0,92,1000.2
2021-07-11 08:00:00,24.3,0.1,1.8,200.0,92,1000.2
2021-07-11 09:00:00,24.6,0.0,0.5,160.0,92,1000.5
2021-07-11 11:00:00,25.4,0.0,2.6,200.0,90,1000.8
2021-07-11 12:00:00,25.9,0.0,2.9,230.0,89,1000.8
2021-07-11 13:00:00,26.4,0.0,3.7,230.0,86,1000.1
2021-07-15 02:00:00,27.8,0.0,1.9,250.0,80,1004.1
2021-07-15 17:00:00,32.2,0.0,3.3,270.0,62,1004.0
2021-07-15 19:00:00,28.0,0.0,2.7,50.0,69,1005.0
2021-07-15 20:00:00,27.5,0.0,2.5,50.0,70,1004.0
2021-07-17 19:00:00,30.4,0.0,1.4,50.0,60,1000.4
2021-07-19 14:00:00,29.4,0.0,2.1,340.0,68,1002.4
2021-07-19 15:00:00,24.1,64.7,4.1,270.0,94,1003.3
2021-07-19 16:00:00,24.3,1.7,1.5,290.0,91,1003.4
2021-07-19 17:00:00,24.4,0.3,1.7,230.0,92,1003.3
2021-07-19 18:00:00,24.8,0.7,0.8,50.0,88,1003.1
2021-07-19 20:00:00,25.8,0.0,1.5,340.0,83,1003.7
2021-07-19 21:00:00,25.4,0.0,1.2,20.0,84,1004.3
2021-07-20 16:00:00,31.3,0.0,1.4,50.0,62,1003.3
2021-07-20 17:00:00,29.2,0.0,2.7,250.0,73,1003.2
2021-07-20 18:00:00,29.0,0.0,0.4,0.0,72,1003.1
2021-07-28 14:00:00,33.0,0.0,1.2,290.0,56,991.9
2021-07-28 15:00:00,34.5,0.0,1.7,290.0,52,991.3
2021-07-28 16:00:00,32.5,0.0,3.2,230.0,60,991.2
2021-07-28 17:00:00,30.2,0.0,3.1,270.0,70,991.3
2021-07-31 02:00:00,27.9,0.6,2.7,200.0,86,990.5
2021-07-31 03:00:00,27.2,2.4,3.1,200.0,88,990.7
2021-07-31 04:00:00,27.1,0.0,2.3,200.0,88,990.9
2022-06-05 08:00:00,22.9,0.0,1.3,110.0,55,995.1
2022-06-05 09:00:00,23.6,0.0,1.2,110.0,53,994.5
2022-06-05 20:00:00,20.9,0.0,3.2,50.0,64,990.9
2022-06-05 21:00:00,20.5,0.0,2.4,70.0,70,991.0
2022-06-06 03:00:00,19.3,1.3,1.5,50.0,84,989.2
2022-06-06 04:00:00,18.8,0.0,2.1,50.0,84,989.2
2022-06-06 05:00:00,18.5,0.2,2.1,50.0,88,989.4
2022-06-06 06:00:00,18.2,0.2,1.8,50.0,89,989.5
2022-06-06 07:00:00,17.9,0.1,1.9,70.0,89,990.1
2022-06-06 08:00:00,17.3,1.7,3.6,50.0,91,990.5
2022-06-06 09:00:00,17.2,0.0,3.1,50.0,89,991.0
2022-06-06 10:00:00,17.5,0.8,3.1,50.0,90,991.1
2022-06-06 11:00:00,19.3,0.0,3.2,70.0,74,991.1
2022-06-07 04:00:00,16.0,0.0,3.3,50.0,66,996.0
2022-06-07 05:00:00,15.6,0.0,2.8,50.0,67,996.5
2022-06-09 06:00:00,18.6,0.0,0.4,0.0,86,1003.0
2022-06-09 07:00:00,19.0,0.0,1.0,320.0,84,1003.3
2022-06-09 08:00:00,19.8,0.0,1.2,230.0,81,1003.7
2022-06-09 09:00:00,20.1,0.1,0.6,250.0,82,1003.8
2022-06-09 10:00:00,20.5,0.0,1.4,290.0,80,1004.0
2022-06-09 13:00:00,22.3,0.2,0.9,360.0,72,1003.3
2022-06-09 14:00:00,21.5,2.3,0.3,0.0,83,1002.8
2022-06-10 14:00:00,22.8,0.0,2.9,270.0,74,1004.1
2022-06-10 15:00:00,22.2,1.2,0.4,0.0,79,1003.2
2022-06-10 20:00:00,20.9,0.0,3.4,320.0,76,1004.2
2022-06-10 21:00:00,20.4,0.0,0.7,290.0,71,1004.1
2022-06-13 03:00:00,21.3,2.4,1.1,90.0,90,1000.8
2022-06-13 04:00:00,20.3,15.5,2.2,20.0,92,1000.7
2022-06-13 05:00:00,19.7,0.1,1.2,90.0,84,1000.5
2022-06-13 14:00:00,28.7,0.0,1.4,90.0,56,996.9
2022-06-13 16:00:00,24.0,0.0,3.5,340.0,70,997.1
2022-06-13 17:00:00,25.0,0.0,3.0,50.0,64,996.8
2022-06-14 23:00:00,18.8,0.0,3.6,70.0,63,998.1
2022-06-15 00:00:00,17.7,0.0,3.3,50.0,72,997.6
2022-06-15 01:00:00,17.1,0.0,3.0,50.0,78,997.2
2022-06-15 02:00:00,16.5,1.2,1.3,50.0,85,997.4
2022-06-15 03:00:00,15.9,4.7,1.8,50.0,91,996.9
2022-06-15 04:00:00,15.4,2.5,2.8,50.0,94,996.3
2022-06-15 05:00:00,15.2,0.8,2.2,50.0,93,996.7
2022-06-15 06:00:00,15.0,0.2,2.5,70.0,95,996.6
2022-06-15 07:00:00,15.0,0.1,3.1,50.0,95,996.5
2022-06-15 08:00:00,15.3,0.0,3.6,50.0,95,996.5
2022-06-15 09:00:00,15.5,1.0,3.2,50.0,95,996.6
2022-06-15 10:00:00,15.9,0.8,2.7,50.0,96,996.6
2022-06-15 11:00:00,16.3,3.1,2.2,50.0,96,996.6
2022-06-15 12:00:00,16.7,0.5,2.1,50.0,96,996.5
2022-06-15 13:00:00,17.4,0.2,2.0,50.0,93,996.2
2022-06-15 14:00:00,17.9,0.0,2.0,70.0,92,995.8
2022-06-15 15:00:00,18.3,1.4,2.5,50.0,93,995.5
2022-06-15 16:00:00,19.1,0.0,2.9,50.0,90,995.2
2022-06-15 17:00:00,19.3,0.0,2.2,50.0,89,995.1
2022-06-15 22:00:00,19.8,0.1,2.4,230.0,92,996.0
2022-06-15 23:00:00,19.3,1.9,0.5,270.0,93,995.7
2022-06-16 00:00:00,19.2,0.0,1.4,270.0,93,995.7
2022-06-16 01:00:00,19.0,0.3,1.7,270.0,95,995.7
2022-06-16 02:00:00,18.6,0.1,2.7,250.0,94,995.9
2022-06-16 03:00:00,18.2,0.0,2.3,270.0,95,996.1
2022-06-16 06:00:00,17.7,0.0,2.8,270.0,93,997.4
2022-06-16 07:00:00,17.8,0.1,2.8,270.0,93,997.9
2022-06-16 08:00:00,18.1,0.0,2.2,270.0,92,998.3
2022-06-16 09:00:00,18.3,0.2,2.2,270.0,91,998.4
2022-06-18 15:00:00,23.7,0.0,2.6,200.0,81,996.8
2022-06-23 08:00:00,25.1,0.0,2.0,90.0,78,994.0
2022-06-23 09:00:00,24.7,0.8,2.3,110.0,82,993.3
2022-06-23 10:00:00,25.1,0.4,1.4,90.0,84,992.3
2022-06-23 13:00:00,25.7,3.0,2.3,140.0,88,988.7
2022-06-23 14:00:00,25.0,9.5,2.9,200.0,96,988.4
2022-06-23 15:00:00,24.7,7.8,5.4,200.0,97,987.8
2022-06-23 16:00:00,24.4,3.1,4.7,230.0,96,987.3
2022-06-23 17:00:00,24.4,1.9,4.0,180.0,99,986.7
2022-06-23 18:00:00,24.2,9.8,4.7,200.0,99,985.6
2022-06-23 19:00:00,24.0,31.4,3.4,230.0,100,985.4
2022-06-23 20:00:00,23.6,15.3,4.7,200.0,99,985.6
2022-06-23 21:00:00,23.5,0.1,4.2,200.0,97,985.9
2022-06-23 22:00:00,23.5,9.9,3.5,200.0,99,985.9
2022-06-23 23:00:00,23.3,8.6,4.0,200.0,99,985.2
2022-06-24 00:00:00,23.5,1.4,3.7,200.0,100,984.2
2022-06-24 01:00:00,23.4,14.4,3.4,230.0,100,983.6
2022-06-24 02:00:00,23.0,4.4,3.7,200.0,99,983.4
2022-06-24 03:00:00,22.4,0.1,1.6,230.0,98,983.4
2022-06-24 04:00:00,22.1,0.0,1.8,230.0,99,983.3
2022-06-24 06:00:00,20.7,0.0,3.4,230.0,98,985.4
2022-06-24 07:00:00,20.8,0.2,3.4,200.0,99,986.3
2022-06-24 08:00:00,21.3,0.0,2.8,200.0,99,986.9
2022-06-24 15:00:00,22.5,0.0,2.7,230.0,93,988.7
2022-06-27 01:00:00,26.6,0.2,2.2,250.0,83,1000.3
2022-06-27 02:00:00,26.2,0.4,2.1,200.0,87,1000.0
2022-06-27 03:00:00,26.0,0.0,1.9,180.0,86,999.5
2022-06-27 04:00:00,25.8,0.4,0.5,50.0,89,999.6
2022-06-27 05:00:00,25.4,0.2,0.8,70.0,90,999.4
2022-06-27 07:00:00,25.7,0.0,1.1,70.0,89,999.3
2022-06-27 08:00:00,26.2,0.0,0.8,70.0,87,999.1
2022-06-27 09:00:00,26.8,0.0,2.2,110.0,83,998.7
2022-06-27 10:00:00,27.2,0.0,2.5,160.0,81,998.6
2022-06-27 11:00:00,28.0,0.0,2.8,160.0,79,998.5
2022-06-27 12:00:00,27.8,0.3,2.4,140.0,83,997.5
2022-06-27 13:00:00,27.6,1.6,2.5,160.0,86,997.1
2022-06-27 14:00:00,26.6,1.3,3.6,180.0,88,996.7
2022-06-27 15:00:00,26.6,0.5,2.6,180.0,90,995.6
2022-06-27 16:00:00,26.7,0.7,2.1,200.0,91,995.5
2022-06-27 17:00:00,26.3,0.5,5.4,200.0,89,995.2
2022-06-27 18:00:00,26.4,0.0,2.4,160.0,87,993.9
2022-06-27 19:00:00,26.9,0.0,4.3,200.0,84,994.4
2022-06-27 20:00:00,27.1,0.0,4.7,200.0,81,994.2
2022-06-27 21:00:00,27.3,0.0,4.2,200.0,80,994.7
2022-06-27 22:00:00,27.3,0.0,4.0,200.0,80,994.9
2022-06-28 01:00:00,27.7,0.0,3.5,200.0,77,994.1
2022-06-28 02:00:00,27.5,0.0,4.6,200.0,77,994.0
2022-06-28 03:00:00,27.4,0.0,3.1,200.0,77,993.6
2022-06-28 04:00:00,27.0,0.0,6.2,200.0,80,993.4
2022-06-28 05:00:00,26.3,1.2,8.5,200.0,83,993.0
2022-06-28 06:00:00,27.0,0.0,8.6,180.0,79,992.9
2022-06-28 11:00:00,27.8,0.0,8.4,200.0,77,992.5
2022-06-28 12:00:00,27.7,0.0,7.1,200.0,77,992.6
2022-06-28 13:00:00,27.8,0.0,6.7,200.0,77,992.3
2022-06-28 14:00:00,27.2,0.0,5.8,200.0,82,992.1
2022-06-28 15:00:00,26.3,3.2,6.8,200.0,87,991.9
2022-06-28 18:00:00,27.0,0.0,4.2,200.0,83,992.1
2022-06-28 19:00:00,27.1,0.0,5.6,200.0,83,992.3
2022-06-28 20:00:00,27.2,0.0,5.3,200.0,81,992.5
2022-06-28 21:00:00,26.3,0.8,3.9,200.0,87,992.6
2022-06-28 22:00:00,26.8,0.0,3.5,200.0,82,992.8
2022-06-28 23:00:00,26.3,0.3,3.0,180.0,85,992.8
2022-06-29 00:00:00,25.7,0.8,3.5,180.0,89,992.4
2022-06-29 01:00:00,25.3,0.9,3.7,200.0,93,991.8
2022-06-29 02:00:00,24.8,7.8,3.5,180.0,95,990.9
2022-06-29 03:00:00,24.8,1.3,6.1,200.0,96,991.0
2022-06-29 04:00:00,25.1,0.4,8.8,200.0,95,990.6
2022-06-29 05:00:00,24.9,0.9,4.2,200.0,96,991.6
2022-06-29 06:00:00,24.9,0.0,5.1,200.0,95,992.4
2022-06-29 07:00:00,25.0,0.0,4.8,200.0,94,992.6
2022-06-29 08:00:00,25.0,0.1,6.1,200.0,95,993.2
2022-06-29 09:00:00,25.2,0.0,5.0,200.0,94,994.0
2022-06-29 10:00:00,25.2,0.0,3.0,200.0,94,994.4
2022-06-29 11:00:00,25.4,0.0,3.4,200.0,93,995.0
2022-06-29 12:00:00,25.3,0.5,3.2,200.0,96,995.1
2022-06-29 13:00:00,25.1,10.2,2.6,200.0,97,995.2
2022-06-29 14:00:00,25.1,0.0,3.2,230.0,95,995.4
2022-06-29 15:00:00,25.8,1.8,3.2,200.0,93,995.2
2022-06-29 16:00:00,25.8,0.2,3.6,180.0,95,995.1
2022-06-29 17:00:00,25.8,0.9,3.9,200.0,94,994.6
2022-06-29 18:00:00,26.0,0.1,2.4,230.0,93,994.6
2022-06-29 19:00:00,25.8,0.4,4.2,200.0,94,995.1
2022-06-29 20:00:00,25.3,4.7,3.4,180.0,97,995.6
2022-06-29 21:00:00,24.5,3.1,2.6,200.0,97,996.2
2022-06-29 22:00:00,24.5,0.5,2.7,200.0,98,997.3
2022-06-29 23:00:00,24.5,1.3,1.4,200.0,98,997.7
2022-06-30 00:00:00,24.5,2.7,2.4,200.0,100,997.6
2022-06-30 01:00:00,24.4,5.8,1.5,200.0,99,997.7
2022-06-30 02:00:00,24.3,3.2,2.7,230.0,100,997.9
2022-06-30 03:00:00,23.4,2.8,1.8,200.0,99,998.2
2022-06-30 04:00:00,22.9,14.1,1.8,230.0,100,998.5
2022-06-30 05:00:00,22.7,12.3,1.2,140.0,100,998.6
2022-06-30 06:00:00,22.5,20.8,2.5,50.0,100,999.0
2022-06-30 07:00:00,22.4,7.9,2.1,50.0,100,999.1
2022-06-30 08:00:00,22.4,17.6,2.1,110.0,100,1000.3
2022-06-30 09:00:00,22.4,3.8,2.2,110.0,100,1000.3
2022-06-30 10:00:00,22.3,8.0,2.2,110.0,100,1000.5
2022-06-30 11:00:00,22.6,23.8,2.1,90.0,100,1000.2
2022-06-30 12:00:00,23.0,0.9,1.6,70.0,99,1000.8
2022-06-30 13:00:00,22.9,3.0,3.1,50.0,100,1001.3
2022-06-30 14:00:00,22.9,7.9,2.1,70.0,99,1000.8
2022-06-30 15:00:00,22.5,8.2,3.6,50.0,98,1000.5
2022-06-30 16:00:00,22.2,5.8,3.9,70.0,100,1000.7
2022-06-30 17:00:00,21.3,11.5,4.1,70.0,100,1000.7
2022-06-30 18:00:00,21.2,11.8,3.5,50.0,100,1000.9
2022-06-30 19:00:00,21.2,2.2,3.2,50.0,100,1001.4
2022-06-30 20:00:00,21.3,2.7,2.9,50.0,99,1001.8
2022-06-30 21:00:00,21.4,1.0,1.9,50.0,99,1002.1
2022-06-30 22:00:00,21.5,1.0,1.5,50.0,99,1002.7
2022-06-30 23:00:00,21.7,0.1,0.8,50.0,99,1003.1
2022-07-04 13:00:00,30.3,0.0,3.1,320.0,68,995.5
2022-07-04 14:00:00,30.1,0.0,1.8,250.0,71,995.2
2022-07-04 15:00:00,30.9,0.0,2.3,270.0,67,994.7
2022-07-05 09:00:00,27.9,0.0,0.8,290.0,78,995.4
2022-07-05 10:00:00,29.4,0.0,1.1,290.0,75,995.3
2022-07-05 14:00:00,31.5,0.0,3.3,270.0,72,994.0
2022-07-05 15:00:00,32.4,0.0,3.0,200.0,63,993.9
2022-07-06 15:00:00,32.6,0.0,2.4,110.0,64,996.4
2022-07-06 21:00:00,31.4,0.0,2.4,110.0,70,996.6
2022-07-06 22:00:00,27.8,0.7,4.6,250.0,84,997.9
2022-07-06 23:00:00,26.6,15.4,1.4,70.0,91,997.5
2022-07-07 00:00:00,26.7,0.0,2.3,50.0,93,997.3
2022-07-07 15:00:00,29.7,0.0,3.9,180.0,76,994.4
2022-07-07 18:00:00,29.6,0.0,3.7,200.0,78,993.7
2022-07-07 19:00:00,29.1,0.0,5.0,180.0,81,993.6
2022-07-07 21:00:00,27.7,0.0,3.8,230.0,87,994.4
2022-07-07 22:00:00,26.9,0.0,3.7,230.0,92,994.7
2022-07-07 23:00:00,27.0,0.0,2.7,200.0,89,994.2
2022-07-08 01:00:00,27.0,0.0,3.5,200.0,86,993.8
2022-07-08 02:00:00,25.8,1.7,4.3,230.0,91,993.8
2022-07-08 03:00:00,25.2,0.0,3.9,230.0,91,993.7
2022-07-08 05:00:00,25.1,0.0,2.5,230.0,91,993.6
2022-07-08 06:00:00,24.9,0.0,4.1,230.0,89,993.7
2022-07-08 08:00:00,25.1,0.0,3.3,230.0,88,994.0
2022-07-08 09:00:00,25.2,0.0,2.3,230.0,87,994.1
2022-07-08 10:00:00,25.5,0.0,3.3,200.0,86,993.9
2022-07-08 12:00:00,26.4,0.0,2.0,230.0,79,993.4
2022-07-08 13:00:00,26.6,0.0,2.8,200.0,80,992.9
2022-07-08 15:00:00,27.0,0.0,2.7,270.0,79,992.0
2022-07-08 16:00:00,27.4,0.0,2.4,270.0,78,991.7
2022-07-08 23:00:00,24.8,0.0,3.0,270.0,87,992.8
2022-07-09 00:00:00,24.0,0.0,3.4,250.0,93,992.7
2022-07-09 01:00:00,24.0,0.1,1.8,270.0,94,992.3
2022-07-09 02:00:00,24.1,0.0,1.1,270.0,93,992.0
2022-07-09 05:00:00,24.0,0.0,1.4,250.0,95,992.2
2022-07-09 06:00:00,24.0,0.0,1.5,250.0,94,992.6
2022-07-09 07:00:00,24.1,0.0,2.0,270.0,94,993.1
2022-07-09 08:00:00,24.3,0.0,1.0,270.0,93,993.4
2022-07-09 09:00:00,24.5,0.0,1.5,290.0,93,993.3
2022-07-10 22:00:00,28.5,0.0,2.2,270.0,59,994.5
2022-07-11 01:00:00,26.3,0.0,4.0,250.0,72,995.6
2022-07-11 02:00:00,24.9,1.1,0.7,180.0,79,995.1
2022-07-11 16:00:00,28.7,0.9,2.4,70.0,78,995.2
2022-07-11 17:00:00,27.5,7.0,3.1,50.0,85,995.1
2022-07-11 18:00:00,27.8,0.0,2.1,50.0,81,995.5
2022-07-13 03:00:00,26.9,0.1,0.7,90.0,81,996.5
2022-07-13 04:00:00,26.5,0.0,2.2,90.0,84,995.9
2022-07-13 05:00:00,26.1,0.0,1.7,90.0,87,995.4
2022-07-13 06:00:00,25.8,0.1,1.9,70.0,89,995.7
2022-07-13 07:00:00,25.4,0.5,2.7,110.0,89,995.7
2022-07-13 08:00:00,25.1,0.5,2.3,110.0,89,995.8
2022-07-13 09:00:00,24.9,1.0,2.2,70.0,93,995.0
2022-07-13 10:00:00,24.8,1.8,2.0,110.0,94,995.1
2022-07-13 11:00:00,24.3,16.1,1.4,90.0,97,994.9
2022-07-13 12:00:00,24.1,3.7,2.2,90.0,96,993.8
2022-07-13 13:00:00,24.1,3.9,1.5,90.0,97,992.6
2022-07-13 14:00:00,24.0,6.4,2.2,110.0,99,991.3
2022-07-13 15:00:00,24.1,22.6,2.7,110.0,100,989.5
2022-07-13 16:00:00,24.4,22.3,3.7,140.0,99,988.6
2022-07-13 17:00:00,24.3,13.1,1.7,340.0,99,989.7
2022-07-13 18:00:00,24.4,14.1,0.4,0.0,97,989.2
2022-07-13 19:00:00,24.4,6.7,1.3,50.0,99,989.0
2022-07-13 20:00:00,24.4,1.4,1.4,20.0,98,989.1
2022-07-13 21:00:00,24.8,0.1,1.8,200.0,98,989.2
2022-07-13 22:00:00,25.0,0.1,2.2,200.0,98,989.3
2022-07-13 23:00:00,25.0,0.0,1.7,230.0,97,989.5
2022-07-14 00:00:00,25.0,0.0,1.6,230.0,97,989.1
2022-07-14 01:00:00,24.8,0.1,3.5,230.0,97,989.0
2022-07-14 02:00:00,24.3,0.1,2.9,250.0,96,989.0
2022-07-14 03:00:00,23.7,0.0,2.8,250.0,96,989.0
2022-07-14 04:00:00,23.4,0.1,2.0,250.0,96,988.7
2022-07-14 05:00:00,23.3,0.3,1.3,250.0,98,988.9
2022-07-14 06:00:00,23.4,0.2,1.2,270.0,98,989.1
2022-07-14 07:00:00,23.6,0.1,0.0,0.0,96,989.2
2022-07-16 06:00:00,23.7,0.0,1.8,140.0,87,987.6
2022-07-16 10:00:00,26.2,0.0,2.3,180.0,78,988.0
2022-07-16 11:00:00,26.6,0.0,3.3,200.0,74,987.8
2022-07-16 12:00:00,27.8,0.0,2.1,250.0,68,987.8
2022-07-16 13:00:00,27.7,0.0,3.4,270.0,71,987.7
2022-07-16 14:00:00,27.4,0.0,2.7,50.0,74,987.9
2022-07-16 15:00:00,26.9,0.0,2.2,70.0,75,987.9
2022-07-16 16:00:00,27.0,0.0,2.9,50.0,75,987.9
2022-07-16 17:00:00,24.9,7.8,1.6,20.0,89,988.4
2022-07-16 18:00:00,24.0,26.2,1.6,340.0,92,988.8
2022-07-16 19:00:00,24.8,0.0,1.4,340.0,89,988.9
2022-07-17 11:00:00,25.6,0.0,2.4,230.0,84,990.8
2022-07-17 12:00:00,25.5,0.0,2.2,200.0,83,991.0
2022-07-17 13:00:00,27.4,0.0,1.1,250.0,79,990.4
2022-07-20 20:00:00,27.3,0.0,1.8,20.0,74,995.4
2022-07-20 21:00:00,26.9,0.0,1.6,360.0,75,995.7
2022-07-20 22:00:00,26.2,0.3,1.4,20.0,81,995.8
2022-07-20 23:00:00,25.3,0.0,1.8,50.0,79,995.3
2022-07-21 00:00:00,24.3,0.8,1.7,90.0,85,994.8
2022-07-21 01:00:00,24.0,0.9,2.8,50.0,91,994.3
2022-07-21 02:00:00,23.6,0.5,2.5,50.0,92,993.4
2022-07-21 03:00:00,22.6,0.1,3.0,70.0,89,992.6
2022-07-21 04:00:00,22.0,1.2,2.6,50.0,94,992.2
2022-07-21 05:00:00,21.2,0.7,3.2,50.0,94,991.3
2022-07-21 06:00:00,21.0,2.7,3.5,50.0,97,991.6
2022-07-21 07:00:00,20.9,1.4,2.9,20.0,96,991.1
2022-07-21 08:00:00,21.1,1.7,3.9,50.0,96,990.9
2022-07-21 09:00:00,21.6,1.0,3.5,50.0,96,990.4
2022-07-21 10:00:00,22.4,0.2,3.0,50.0,93,990.3
2022-07-21 11:00:00,23.3,0.0,2.2,340.0,87,990.7
2022-07-21 14:00:00,23.6,0.0,4.2,320.0,87,991.5
2022-07-21 15:00:00,24.1,0.0,3.4,320.0,87,991.7
2022-07-22 13:00:00,26.3,1.0,2.3,320.0,78,995.2
2022-07-22 14:00:00,27.3,4.2,2.3,270.0,75,995.1
2022-07-22 15:00:00,26.3,0.0,2.0,320.0,77,995.3
2022-07-22 16:00:00,26.5,0.0,2.7,250.0,79,995.3
2022-07-23 16:00:00,27.1,0.0,2.5,110.0,69,993.9
2022-07-23 17:00:00,26.1,0.5,2.8,110.0,78,993.9
2022-07-23 18:00:00,25.6,0.2,2.2,110.0,82,993.0
2022-07-23 19:00:00,25.2,0.6,1.9,20.0,87,993.0
2022-07-23 20:00:00,24.4,2.2,3.4,50.0,92,992.9
2022-07-23 21:00:00,23.7,0.4,2.4,50.0,90,993.3
2022-07-23 22:00:00,23.2,1.0,2.7,70.0,92,993.2
2022-07-23 23:00:00,22.5,3.9,3.2,70.0,95,992.7
2022-07-24 00:00:00,22.3,1.1,2.8,70.0,96,992.1
2022-07-24 01:00:00,22.1,1.2,3.3,50.0,96,991.9
2022-07-24 02:00:00,22.1,0.0,2.8,70.0,96,991.4
2022-07-24 03:00:00,22.2,0.0,2.6,70.0,96,991.0
2022-07-24 04:00:00,22.3,0.0,2.6,50.0,95,990.8
2022-07-24 16:00:00,27.3,0.0,1.3,290.0,79,992.1
2022-07-24 17:00:00,27.9,0.0,2.5,320.0,77,992.5
2022-07-30 15:00:00,33.8,0.9,3.5,70.0,62,997.8
2022-07-30 16:00:00,33.6,0.1,2.4,110.0,59,997.5
2022-07-30 20:00:00,30.9,0.0,1.8,90.0,68,998.3
2022-07-30 21:00:00,30.0,0.0,2.2,50.0,73,998.3
2022-07-31 07:00:00,27.8,0.0,2.2,70.0,78,997.0
2022-07-31 08:00:00,28.0,0.0,3.1,50.0,78,996.8
2022-07-31 10:00:00,28.8,0.0,2.0,70.0,77,997.1
2022-07-31 11:00:00,28.6,0.0,2.5,70.0,78,996.8
2022-07-31 12:00:00,28.2,1.3,2.0,50.0,83,996.7
2022-07-31 13:00:00,28.0,0.5,2.0,70.0,84,996.6
2022-07-31 14:00:00,27.4,5.4,2.6,50.0,89,996.3
2022-07-31 15:00:00,27.0,3.0,2.9,50.0,91,995.8
2022-07-31 16:00:00,26.8,1.7,3.3,50.0,92,995.6
2022-07-31 17:00:00,26.7,0.4,2.6,70.0,92,995.7
2022-07-31 18:00:00,26.8,0.4,2.5,50.0,92,995.4
2022-07-31 19:00:00,26.7,0.3,2.3,50.0,92,995.5
2022-07-31 20:00:00,26.4,2.9,2.8,50.0,93,995.7
2022-07-31 21:00:00,26.0,6.4,2.3,70.0,94,995.8
2022-07-31 22:00:00,25.7,14.7,2.3,50.0,95,995.8
2022-07-31 23:00:00,25.5,9.1,2.5,50.0,95,995.8
2023-06-02 14:00:00,21.5,0.0,2.4,270.0,78,991.8
2023-06-06 15:00:00,22.6,0.0,5.5,290.0,63,996.7
2023-06-06 16:00:00,23.4,0.0,3.2,250.0,63,995.5
2023-06-07 10:00:00,19.7,0.0,1.5,160.0,83,999.4
2023-06-07 11:00:00,20.4,0.0,1.4,160.0,80,999.1
2023-06-08 12:00:00,21.5,0.0,3.9,200.0,73,995.6
2023-06-08 13:00:00,21.6,0.0,1.6,180.0,74,993.6
2023-06-08 14:00:00,21.8,0.0,2.3,90.0,76,992.6
2023-06-08 15:00:00,22.0,0.1,1.6,90.0,75,992.2
2023-06-08 21:00:00,20.3,0.3,2.7,250.0,84,993.2
2023-06-08 22:00:00,20.0,0.0,1.4,180.0,86,992.2
2023-06-08 23:00:00,19.9,0.1,2.6,180.0,88,992.2
2023-06-09 00:00:00,18.6,1.4,1.7,250.0,94,991.8
2023-06-09 01:00:00,19.1,0.5,3.7,230.0,97,991.6
2023-06-09 02:00:00,19.1,0.3,3.0,250.0,99,991.6
2023-06-09 03:00:00,19.0,0.3,2.3,290.0,96,992.0
2023-06-09 04:00:00,18.9,0.1,2.3,250.0,95,992.3
2023-06-10 16:00:00,24.6,0.0,3.6,270.0,67,994.1
2023-06-10 17:00:00,22.8,0.0,4.4,290.0,74,994.2
2023-06-10 23:00:00,20.3,0.2,2.0,50.0,84,995.1
2023-06-11 00:00:00,19.6,0.6,2.5,290.0,90,995.9
2023-06-11 01:00:00,19.2,3.1,1.8,50.0,95,995.9
2023-06-11 02:00:00,18.6,1.8,2.6,70.0,94,995.0
2023-06-11 03:00:00,18.3,9.3,2.3,70.0,98,995.0
2023-06-11 04:00:00,18.2,11.9,2.4,50.0,100,995.1
2023-06-11 05:00:00,18.0,4.5,2.4,50.0,97,994.9
2023-06-11 07:00:00,18.0,1.6,2.3,50.0,96,995.6
2023-06-11 13:00:00,23.8,0.0,3.2,290.0,73,994.8
2023-06-11 14:00:00,25.6,0.0,2.7,290.0,64,994.1
2023-06-12 17:00:00,23.6,0.0,2.9,270.0,64,994.2
2023-06-12 18:00:00,22.6,0.0,2.7,270.0,68,994.1
2023-06-12 19:00:00,22.6,0.0,1.5,360.0,67,993.7
2023-06-13 02:00:00,20.4,0.0,1.3,340.0,75,994.2
2023-06-13 04:00:00,20.2,0.0,1.6,270.0,78,994.3
2023-06-14 14:00:00,23.6,0.4,2.6,360.0,73,995.1
2023-06-14 15:00:00,20.0,30.2,2.1,270.0,90,995.3
2023-06-14 16:00:00,20.6,0.0,0.6,360.0,87,995.0
2023-06-20 13:00:00,24.8,0.0,3.2,70.0,59,994.7
2023-06-20 14:00:00,25.0,0.0,2.5,140.0,58,994.5
2023-06-20 15:00:00,25.1,0.0,3.8,140.0,57,992.8
2023-06-20 16:00:00,24.6,0.0,2.4,70.0,61,992.6
2023-06-20 17:00:00,24.9,0.0,2.0,50.0,59,992.8
2023-06-20 22:00:00,24.4,0.0,1.4,70.0,68,993.0
2023-06-20 23:00:00,23.0,0.9,1.2,230.0,81,993.4
2023-06-21 00:00:00,21.4,5.5,0.7,70.0,89,993.5
2023-06-21 01:00:00,20.6,5.5,1.8,70.0,95,992.8
2023-06-21 02:00:00,20.2,3.5,2.9,70.0,96,991.7
2023-06-21 03:00:00,19.8,1.0,2.8,50.0,96,991.2
2023-06-21 04:00:00,19.3,8.3,2.4,50.0,98,991.1
2023-06-21 05:00:00,19.3,1.3,2.8,50.0,97,991.2
2023-06-21 06:00:00,19.4,1.0,2.1,70.0,98,991.4
2023-06-21 07:00:00,19.4,2.8,2.9,50.0,98,991.3
2023-06-21 08:00:00,19.6,0.5,2.8,50.0,99,991.2
2023-06-21 09:00:00,19.8,0.1,2.7,50.0,97,991.3
2023-06-21 10:00:00,20.0,0.4,2.2,50.0,98,991.0
2023-06-21 11:00:00,20.4,0.1,2.3,50.0,97,990.9
2023-06-21 12:00:00,20.6,0.0,1.9,50.0,94,990.9
2023-06-21 13:00:00,21.4,0.1,1.6,20.0,92,990.5
2023-06-21 14:00:00,21.4,0.0,0.5,50.0,93,990.5
2023-06-21 15:00:00,21.8,0.3,1.8,290.0,93,990.4
2023-06-21 19:00:00,21.5,0.0,2.8,320.0,87,990.9
2023-06-22 18:00:00,24.4,0.0,3.6,250.0,72,992.4
2023-06-22 19:00:00,24.1,0.0,2.5,250.0,74,993.2
2023-06-26 04:00:00,25.5,0.0,4.3,110.0,68,996.4
2023-06-26 05:00:00,23.6,1.2,2.2,70.0,85,995.8
2023-06-26 06:00:00,22.4,8.7,2.4,90.0,95,996.5
2023-06-26 07:00:00,22.3,4.4,2.2,70.0,93,996.7
2023-06-26 08:00:00,22.5,0.0,2.3,70.0,93,996.6
2023-06-26 09:00:00,23.1,0.6,1.9,90.0,94,996.6
2023-06-26 10:00:00,23.4,0.2,2.6,140.0,91,996.3
2023-06-26 11:00:00,24.2,0.0,4.0,180.0,88,996.4
2023-06-26 14:00:00,24.5,0.2,2.5,200.0,91,995.7
2023-06-26 15:00:00,24.1,4.6,1.9,180.0,96,995.7
2023-06-26 16:00:00,24.9,0.2,3.0,200.0,91,995.0
2023-06-26 19:00:00,24.8,0.2,4.0,180.0,89,994.7
2023-06-26 20:00:00,24.2,4.0,3.6,200.0,95,994.5
2023-06-26 21:00:00,24.2,0.0,4.1,200.0,94,994.8
2023-06-26 22:00:00,24.0,1.6,3.4,200.0,98,994.8
2023-06-26 23:00:00,23.7,4.4,3.3,200.0,96,994.8
2023-06-27 00:00:00,23.5,0.0,4.5,200.0,95,994.6
2023-06-27 01:00:00,23.2,0.0,4.3,200.0,95,994.2
2023-06-27 02:00:00,22.4,2.2,4.8,250.0,97,994.7
2023-06-27 03:00:00,21.9,0.3,2.9,250.0,94,994.9
2023-06-28 01:00:00,25.0,0.0,2.6,230.0,82,998.3
2023-06-28 07:00:00,24.3,0.0,0.9,250.0,87,997.9
2023-06-28 08:00:00,25.0,0.0,2.1,230.0,82,998.7
2023-06-29 04:00:00,25.4,0.0,2.1,180.0,89,994.4
2023-06-29 07:00:00,25.5,0.0,1.4,110.0,89,993.9
2023-06-29 08:00:00,25.3,1.5,2.0,160.0,91,993.5
2023-06-29 09:00:00,25.1,2.4,2.3,160.0,96,992.6
2023-06-29 10:00:00,25.0,3.5,2.0,110.0,95,992.3
2023-06-29 11:00:00,24.6,14.0,2.4,140.0,98,992.0
2023-06-29 12:00:00,23.6,23.8,1.6,200.0,97,991.4
2023-06-29 13:00:00,24.6,0.9,3.2,160.0,97,989.9
2023-06-29 14:00:00,24.6,2.2,3.1,160.0,98,988.4
2023-06-29 15:00:00,24.0,3.2,2.4,200.0,97,988.2
2023-06-29 16:00:00,23.3,9.8,2.1,160.0,97,988.0
2023-06-29 17:00:00,23.5,0.2,0.6,180.0,96,987.6
2023-06-29 18:00:00,23.6,0.2,2.5,200.0,99,987.4
2023-06-29 19:00:00,23.7,1.0,3.2,200.0,99,987.6
2023-06-29 20:00:00,23.6,1.0,3.1,200.0,99,988.1
2023-06-29 21:00:00,23.4,0.1,3.3,200.0,99,988.6
2023-06-29 22:00:00,23.4,0.0,2.4,200.0,98,988.9
2023-06-29 23:00:00,23.3,0.0,2.6,250.0,98,989.5
2023-06-30 00:00:00,23.2,0.0,1.8,200.0,99,989.4
2023-06-30 01:00:00,23.3,0.2,1.5,230.0,99,989.2
2023-06-30 02:00:00,23.3,0.3,2.8,200.0,99,988.8
2023-06-30 03:00:00,23.3,0.1,2.6,180.0,99,988.6
2023-06-30 04:00:00,23.3,0.0,0.7,270.0,99,988.7
2023-06-30 05:00:00,23.4,0.0,2.8,230.0,99,988.8
2023-06-30 06:00:00,23.3,0.0,2.2,200.0,98,989.0
2023-06-30 07:00:00,23.4,0.0,1.8,180.0,98,988.9
2023-06-30 08:00:00,23.6,0.0,1.3,250.0,98,989.7
2023-06-30 09:00:00,24.1,0.0,1.1,200.0,97,989.9
2023-06-30 10:00:00,24.7,0.0,0.1,0.0,91,989.9
2023-06-30 11:00:00,25.2,0.0,1.8,20.0,92,990.1
2023-06-30 12:00:00,25.1,0.1,2.2,20.0,92,990.3
2023-06-30 13:00:00,26.5,0.3,2.4,360.0,88,990.2
2023-06-30 14:00:00,27.0,0.0,1.2,270.0,85,989.9
2023-06-30 15:00:00,27.4,0.0,1.3,180.0,82,989.6
2023-07-04 13:00:00,29.1,0.0,3.0,140.0,69,990.3
2023-07-04 14:00:00,26.9,0.2,3.9,180.0,86,990.3
2023-07-04 15:00:00,25.7,3.2,3.0,140.0,93,989.7
2023-07-04 16:00:00,25.2,7.0,2.9,110.0,96,988.7
2023-07-04 17:00:00,25.2,2.3,2.0,90.0,93,987.9
2023-07-04 18:00:00,25.2,0.2,2.2,110.0,92,987.1
2023-07-04 19:00:00,25.0,7.2,1.9,90.0,97,986.6
2023-07-04 20:00:00,24.6,24.5,2.3,110.0,99,986.0
2023-07-04 21:00:00,24.6,14.7,1.1,110.0,96,985.2
2023-07-04 22:00:00,24.7,1.2,2.7,140.0,98,984.8
2023-07-04 23:00:00,24.8,0.5,2.1,160.0,95,984.1
2023-07-05 00:00:00,24.8,0.8,2.7,160.0,95,982.9
2023-07-05 01:00:00,24.6,10.3,3.4,180.0,99,982.5
2023-07-05 02:00:00,24.7,4.5,5.0,200.0,97,982.0
2023-07-05 03:00:00,24.3,0.3,6.1,200.0,96,981.7
2023-07-05 04:00:00,23.8,0.1,3.9,230.0,95,981.4
2023-07-05 05:00:00,22.6,0.1,4.4,230.0,94,982.2
2023-07-05 06:00:00,22.2,0.0,4.6,230.0,96,982.4
2023-07-05 07:00:00,22.2,0.0,3.9,250.0,93,982.9
2023-07-09 07:00:00,25.4,0.0,2.2,90.0,86,992.2
2023-07-09 08:00:00,25.5,0.0,2.0,70.0,86,991.7
2023-07-09 09:00:00,26.9,0.0,1.9,70.0,80,992.3
2023-07-09 10:00:00,26.6,0.3,0.7,320.0,85,992.3
2023-07-09 11:00:00,21.8,23.5,5.1,70.0,95,992.5
2023-07-09 12:00:00,22.0,10.2,2.2,90.0,97,993.3
2023-07-09 13:00:00,21.7,10.1,3.6,50.0,97,992.8
2023-07-09 14:00:00,22.2,0.6,2.6,70.0,92,992.2
2023-07-09 15:00:00,23.4,2.8,2.2,70.0,92,991.4
2023-07-10 06:00:00,23.2,11.5,1.6,140.0,91,991.6
2023-07-10 07:00:00,23.2,0.0,1.2,180.0,92,993.2
2023-07-11 08:00:00,25.8,0.0,0.9,140.0,86,995.8
2023-07-11 09:00:00,25.4,2.2,2.5,200.0,94,996.0
2023-07-11 10:00:00,24.7,0.8,2.8,200.0,90,996.6
2023-07-11 11:00:00,24.0,15.4,1.5,110.0,96,996.6
2023-07-11 12:00:00,23.8,0.7,2.6,50.0,95,996.1
2023-07-11 13:00:00,23.8,0.0,3.3,50.0,93,995.2
2023-07-11 14:00:00,23.5,3.3,2.7,70.0,98,994.6
2023-07-11 15:00:00,22.3,2.9,4.2,50.0,96,994.3
2023-07-11 16:00:00,22.1,12.7,2.1,50.0,99,995.0
2023-07-11 17:00:00,22.0,11.0,2.2,70.0,100,994.9
2023-07-11 18:00:00,21.8,7.1,1.3,110.0,99,994.6
2023-07-11 19:00:00,21.8,2.0,1.7,50.0,97,994.6
2023-07-11 20:00:00,21.9,0.2,1.7,50.0,95,995.2
2023-07-12 00:00:00,22.0,0.0,0.9,20.0,95,995.2
2023-07-12 01:00:00,22.2,0.0,0.6,110.0,97,994.5
2023-07-12 02:00:00,22.4,0.0,0.6,70.0,96,994.1
2023-07-12 04:00:00,22.7,0.2,1.8,20.0,99,994.4
2023-07-12 05:00:00,22.6,0.3,1.0,20.0,97,994.9
2023-07-12 06:00:00,22.7,0.1,0.8,20.0,99,995.5
2023-07-12 07:00:00,23.1,0.1,0.9,70.0,98,995.4
2023-07-12 22:00:00,26.7,0.0,0.1,0.0,81,995.3
2023-07-13 00:00:00,26.2,0.0,1.9,270.0,85,996.2
2023-07-13 01:00:00,26.0,0.0,0.5,250.0,85,996.3
2023-07-13 02:00:00,25.9,0.0,0.7,290.0,87,995.9
2023-07-13 03:00:00,25.5,0.1,0.4,0.0,90,995.6
2023-07-13 04:00:00,25.4,0.0,0.9,70.0,91,994.8
2023-07-13 05:00:00,25.3,0.0,1.4,140.0,91,994.9
2023-07-13 06:00:00,25.4,0.0,1.0,90.0,91,995.0
2023-07-13 08:00:00,25.9,0.0,1.4,110.0,90,995.4
2023-07-13 09:00:00,26.3,0.0,1.2,90.0,88,995.1
2023-07-13 10:00:00,26.5,0.1,1.7,110.0,89,994.7
2023-07-13 11:00:00,26.0,1.6,2.7,200.0,94,995.1
2023-07-13 12:00:00,24.8,12.7,2.0,360.0,96,994.9
2023-07-13 13:00:00,25.0,4.1,1.5,20.0,97,994.5
2023-07-13 14:00:00,25.3,1.3,2.4,110.0,95,994.5
2023-07-13 15:00:00,24.9,34.7,2.8,50.0,99,993.5
2023-07-13 16:00:00,24.9,8.3,1.2,70.0,97,993.1
2023-07-13 17:00:00,24.8,0.9,2.2,50.0,99,992.4
2023-07-13 18:00:00,25.0,3.8,0.6,50.0,99,992.9
2023-07-13 19:00:00,25.1,5.6,2.4,70.0,98,991.8
2023-07-13 20:00:00,25.0,0.0,2.6,50.0,97,991.3
2023-07-13 21:00:00,24.9,4.3,1.8,70.0,99,992.0
2023-07-13 22:00:00,24.8,4.8,2.2,70.0,99,991.2
2023-07-13 23:00:00,24.8,0.9,2.1,90.0,97,990.3
2023-07-14 00:00:00,24.7,8.4,2.2,180.0,98,990.0
2023-07-14 01:00:00,24.1,15.3,1.1,90.0,98,988.9
2023-07-14 02:00:00,24.0,17.7,1.4,50.0,99,988.1
2023-07-14 03:00:00,24.0,8.3,1.2,20.0,100,987.4
2023-07-14 04:00:00,24.3,13.9,1.1,340.0,100,986.6
2023-07-14 05:00:00,24.5,3.1,4.0,230.0,99,986.7
2023-07-14 06:00:00,24.6,0.4,4.3,200.0,99,987.0
2023-07-14 07:00:00,24.7,1.4,4.2,200.0,100,987.4
2023-07-14 08:00:00,24.8,0.3,3.6,200.0,99,987.7
2023-07-14 09:00:00,24.9,0.4,2.5,200.0,99,987.6
2023-07-14 10:00:00,24.9,0.0,3.6,200.0,100,987.6
2023-07-14 11:00:00,25.1,0.6,3.2,200.0,100,987.8
2023-07-14 12:00:00,25.0,1.3,3.5,200.0,99,987.8
2023-07-14 13:00:00,24.7,5.3,3.7,200.0,98,987.6
2023-07-14 14:00:00,24.7,0.2,3.4,200.0,99,987.3
2023-07-14 15:00:00,24.7,1.2,2.8,200.0,99,987.3
2023-07-14 16:00:00,24.5,0.5,3.0,200.0,99,987.3
2023-07-14 17:00:00,24.4,0.8,3.3,200.0,99,987.4
2023-07-14 18:00:00,24.4,0.2,3.3,230.0,99,987.5
2023-07-14 19:00:00,24.5,0.3,2.5,230.0,99,987.7
2023-07-14 20:00:00,24.6,0.5,2.2,200.0,100,987.9
2023-07-14 21:00:00,24.6,0.5,2.9,200.0,99,988.7
2023-07-14 22:00:00,24.4,0.0,3.1,200.0,99,989.1
2023-07-14 23:00:00,24.4,0.4,3.7,200.0,99,989.0
2023-07-15 00:00:00,24.4,0.1,2.7,200.0,99,988.6
2023-07-15 01:00:00,24.3,0.0,2.4,200.0,99,988.4
2023-07-15 02:00:00,24.3,0.0,2.5,200.0,99,988.2
2023-07-15 03:00:00,24.4,0.5,1.6,230.0,100,987.9
2023-07-15 04:00:00,24.5,0.2,2.0,180.0,99,988.1
2023-07-15 05:00:00,24.4,0.0,2.5,200.0,99,988.3
2023-07-15 06:00:00,24.4,0.1,2.6,180.0,99,988.7
2023-07-15 07:00:00,24.4,0.4,2.7,180.0,100,988.6
2023-07-15 08:00:00,24.5,0.3,3.1,180.0,99,988.8
2023-07-15 09:00:00,24.6,0.0,3.5,200.0,99,989.0
2023-07-15 10:00:00,24.6,0.0,4.0,200.0,98,989.5
2023-07-15 11:00:00,25.0,0.0,2.6,180.0,94,990.1
2023-07-15 12:00:00,25.5,0.0,2.8,160.0,89,989.7
2023-07-15 15:00:00,25.0,0.0,4.3,180.0,96,989.6
2023-07-15 16:00:00,25.2,0.1,4.7,200.0,99,989.8
2023-07-15 17:00:00,25.1,0.6,4.4,200.0,93,990.2
2023-07-15 18:00:00,24.8,0.1,4.7,230.0,90,990.7
2023-07-15 21:00:00,23.9,0.0,2.8,180.0,89,993.3
2023-07-16 06:00:00,23.9,0.0,2.4,180.0,94,995.0
2023-07-16 07:00:00,23.9,0.1,2.1,180.0,97,995.2
2023-07-16 08:00:00,24.1,0.0,1.6,180.0,96,995.7
2023-07-16 12:00:00,25.3,0.0,2.1,200.0,92,997.0
2023-07-16 13:00:00,24.5,9.6,3.6,200.0,94,997.3
2023-07-16 14:00:00,24.8,0.0,3.1,200.0,90,997.2
2023-07-17 07:00:00,24.0,0.0,1.4,160.0,92,1000.9
2023-07-17 08:00:00,24.1,0.0,0.8,200.0,92,1001.5
2023-07-17 10:00:00,25.7,0.0,1.5,250.0,87,1001.3
2023-07-17 11:00:00,26.8,0.0,1.8,230.0,81,1001.4
2023-07-17 15:00:00,27.7,0.0,3.0,270.0,76,1001.7
2023-07-17 16:00:00,26.4,0.0,3.1,270.0,83,1001.6
2023-07-17 17:00:00,26.2,0.0,0.8,270.0,84,1001.4
2023-07-17 18:00:00,26.3,0.0,1.7,270.0,82,1001.4
2023-07-18 00:00:00,25.2,1.4,1.2,160.0,92,1002.8
2023-07-18 01:00:00,25.0,0.1,1.5,180.0,93,1002.8
2023-07-18 02:00:00,24.6,0.5,2.1,270.0,93,1002.9
2023-07-18 03:00:00,24.4,0.0,0.8,250.0,93,1002.7
2023-07-18 05:00:00,24.2,0.0,0.4,0.0,94,1002.8
2023-07-18 06:00:00,24.2,0.0,0.2,0.0,93,1002.7
2023-07-18 07:00:00,24.4,0.0,0.6,20.0,93,1002.6
2023-07-18 08:00:00,24.6,0.0,0.5,340.0,94,1002.9
2023-07-18 09:00:00,24.7,0.0,0.7,180.0,94,1002.7
2023-07-18 10:00:00,24.7,0.3,2.2,180.0,95,1002.5
2023-07-18 11:00:00,24.9,0.5,1.9,140.0,95,1002.4
2023-07-18 12:00:00,25.3,0.7,2.0,110.0,94,1001.8
2023-07-18 13:00:00,25.3,0.1,2.9,110.0,91,1001.3
2023-07-18 14:00:00,25.8,0.1,2.2,110.0,90,1000.6
2023-07-18 15:00:00,26.2,0.0,2.4,140.0,82,1000.1
2023-07-22 16:00:00,28.1,0.0,2.3,110.0,75,1000.3
2023-07-22 18:00:00,27.1,0.4,3.9,140.0,82,999.6
2023-07-22 19:00:00,25.6,9.0,2.1,90.0,90,999.8
2023-07-22 20:00:00,25.1,1.3,3.5,160.0,88,1000.3
2023-07-22 21:00:00,24.9,0.0,3.4,140.0,87,1000.6
2023-07-22 22:00:00,24.6,1.3,2.4,140.0,93,1000.7
2023-07-22 23:00:00,24.6,0.0,2.1,90.0,88,1000.5
2023-07-23 00:00:00,24.7,0.3,1.8,90.0,89,1000.3
2023-07-23 01:00:00,24.8,0.7,1.7,110.0,89,999.9
2023-07-23 02:00:00,24.9,0.0,2.7,90.0,88,999.0
2023-07-23 03:00:00,25.1,0.3,1.9,90.0,88,998.4
2023-07-23 04:00:00,24.9,0.3,1.3,90.0,92,998.1
2023-07-23 05:00:00,24.9,0.0,2.1,50.0,92,997.7
2023-07-23 06:00:00,24.9,2.3,2.2,160.0,94,997.9
2023-07-23 07:00:00,24.7,6.4,2.4,110.0,96,997.5
2023-07-23 08:00:00,24.5,9.1,2.8,110.0,99,997.5
2023-07-23 09:00:00,24.7,5.8,3.1,160.0,98,997.4
2023-07-23 10:00:00,24.8,5.8,2.8,180.0,98,997.2
2023-07-23 11:00:00,25.0,2.4,2.7,180.0,98,997.3
2023-07-23 12:00:00,25.2,2.4,2.6,180.0,98,997.4
2023-07-23 13:00:00,25.5,0.6,2.4,180.0,96,997.3
2023-07-23 14:00:00,25.5,2.4,2.6,180.0,97,997.2
2023-07-23 15:00:00,25.6,0.5,1.9,200.0,94,997.1
2023-07-23 18:00:00,25.6,0.0,1.2,140.0,92,996.2
2023-07-23 20:00:00,25.6,0.0,1.9,200.0,92,996.8
2023-07-23 21:00:00,25.6,0.0,1.9,200.0,94,997.1
2023-07-23 22:00:00,25.4,1.2,2.4,200.0,94,997.5
2023-07-23 23:00:00,25.4,0.0,2.2,200.0,95,997.7
2023-07-24 00:00:00,25.2,0.0,2.2,200.0,96,997.8
2023-07-24 01:00:00,25.0,0.2,2.2,230.0,96,997.4
2023-07-24 02:00:00,24.8,0.2,1.6,250.0,95,997.0
2023-07-24 11:00:00,26.7,0.0,2.3,290.0,87,999.0
2023-07-24 12:00:00,27.7,0.0,1.7,230.0,81,998.7
2023-07-25 02:00:00,26.2,0.1,3.1,200.0,88,1000.8
2023-07-25 03:00:00,26.1,0.0,0.7,200.0,88,1000.7
2023-07-25 18:00:00,28.9,0.0,4.3,230.0,72,1002.2
2023-07-25 19:00:00,28.7,0.0,3.3,200.0,74,1002.3
2023-07-25 22:00:00,26.6,5.5,2.3,180.0,88,1003.8
2023-07-25 23:00:00,26.4,0.0,2.1,200.0,90,1003.9
2023-07-26 07:00:00,25.1,0.0,1.3,50.0,87,1005.0
2023-07-26 08:00:00,25.8,0.0,1.9,50.0,88,1005.5
2023-07-26 10:00:00,27.6,1.0,1.2,360.0,87,1004.9
2023-07-26 11:00:00,28.9,0.0,3.2,200.0,78,1004.4
2023-07-26 19:00:00,28.9,0.0,2.8,290.0,81,1003.8
2023-07-26 20:00:00,27.4,0.0,1.3,290.0,84,1004.3
2023-07-27 17:00:00,31.3,0.0,3.0,290.0,62,1002.2
2023-07-30 18:00:00,32.0,0.1,3.7,200.0,65,1001.1
2023-07-30 19:00:00,25.6,20.0,4.3,270.0,91,1002.8
2023-07-30 20:00:00,25.2,4.9,2.3,270.0,89,1002.5
2023-07-30 21:00:00,25.5,0.0,1.5,230.0,89,1002.9
2023-07-31 15:00:00,33.0,0.0,2.0,270.0,62,1001.1
2023-07-31 16:00:00,30.4,0.3,2.5,110.0,71,1001.1
2024-06-01 00:00:00,18.3,0.0,2.6,200.0,82,999.8
2024-06-01 01:00:00,18.3,0.0,2.7,200.0,82,999.6
2024-06-01 05:00:00,17.7,0.0,2.2,270.0,83,1000.0
2024-06-01 06:00:00,17.6,0.0,1.7,250.0,85,1000.6
2024-06-07 20:00:00,24.1,0.0,2.6,270.0,49,1001.2
2024-06-07 21:00:00,23.3,0.0,1.9,200.0,53,1001.6
2024-06-07 22:00:00,22.4,0.0,2.4,270.0,60,1001.9
2024-06-07 23:00:00,22.0,0.0,2.0,270.0,57,1001.9
2024-06-08 00:00:00,19.9,0.8,2.3,250.0,67,1001.9
2024-06-08 01:00:00,19.6,0.0,0.6,250.0,69,1001.4
2024-06-08 02:00:00,19.6,0.0,1.0,270.0,66,1001.2
2024-06-08 03:00:00,19.2,0.0,1.3,360.0,75,1000.9
2024-06-08 04:00:00,18.3,0.5,1.2,340.0,82,1000.4
2024-06-08 05:00:00,18.0,0.0,1.4,50.0,84,1000.4
2024-06-08 06:00:00,18.0,0.0,2.2,50.0,86,1000.0
2024-06-08 07:00:00,17.9,0.6,1.8,50.0,89,1000.0
2024-06-08 08:00:00,18.2,0.3,1.4,70.0,90,999.8
2024-06-08 09:00:00,18.1,2.4,1.1,90.0,91,999.7
2024-06-08 10:00:00,18.2,12.3,0.9,50.0,93,999.6
2024-06-08 11:00:00,18.9,0.5,0.6,90.0,92,999.5
2024-06-08 12:00:00,19.5,0.3,1.0,180.0,89,999.3
2024-06-15 02:00:00,23.4,0.0,1.4,270.0,68,994.8
2024-06-15 03:00:00,23.3,0.0,0.3,0.0,69,994.2
2024-06-15 04:00:00,22.4,3.8,1.9,200.0,79,994.6
2024-06-15 05:00:00,21.9,1.3,0.4,0.0,84,994.6
2024-06-15 06:00:00,21.9,0.3,0.8,270.0,85,994.7
2024-06-15 07:00:00,22.0,0.3,0.9,140.0,85,994.3
2024-06-15 12:00:00,24.9,0.0,2.1,290.0,73,994.3
2024-06-15 13:00:00,25.0,0.4,1.8,270.0,75,993.9
2024-06-22 05:00:00,25.3,0.0,1.6,270.0,70,991.4
2024-06-22 08:00:00,25.8,0.0,1.9,90.0,66,990.2
2024-06-22 09:00:00,26.0,0.0,2.3,90.0,67,990.0
2024-06-22 10:00:00,25.2,0.1,1.5,70.0,74,989.8
2024-06-22 11:00:00,23.7,4.0,2.0,70.0,86,989.6
2024-06-22 12:00:00,22.9,3.2,2.4,50.0,88,988.9
2024-06-22 13:00:00,22.6,4.1,3.3,50.0,91,988.1
2024-06-22 14:00:00,22.8,2.4,2.9,50.0,92,987.2
2024-06-22 15:00:00,23.5,1.2,2.4,70.0,90,986.6
2024-06-22 16:00:00,23.5,0.9,2.4,50.0,90,986.1
2024-06-22 17:00:00,23.8,0.1,2.9,50.0,88,985.3
2024-06-22 19:00:00,23.8,0.0,2.5,50.0,87,985.6
2024-06-22 20:00:00,23.5,0.1,2.0,50.0,90,986.0
2024-06-22 21:00:00,23.5,0.0,1.8,50.0,89,986.5
2024-06-22 22:00:00,23.6,0.0,1.9,50.0,87,986.8
2024-06-22 23:00:00,23.5,0.0,1.9,70.0,87,986.9
2024-06-23 00:00:00,23.1,0.4,1.9,50.0,91,986.8
2024-06-23 01:00:00,22.9,0.2,1.8,50.0,92,986.7
2024-06-23 02:00:00,22.7,0.1,1.3,50.0,92,986.4
2024-06-23 03:00:00,22.6,0.3,1.0,20.0,92,986.6
2024-06-23 04:00:00,22.6,0.7,0.4,0.0,93,986.8
2024-06-23 05:00:00,22.6,0.5,0.2,0.0,93,987.3
2024-06-23 06:00:00,22.6,0.3,0.5,70.0,93,987.4
2024-06-23 22:00:00,24.1,3.0,3.6,250.0,85,991.1
2024-06-23 23:00:00,22.8,0.0,0.6,250.0,86,991.4
2024-06-24 00:00:00,22.7,0.0,2.0,340.0,86,991.4
2024-06-24 02:00:00,22.8,0.0,0.2,0.0,87,990.5
2024-06-29 19:00:00,27.8,0.0,5.5,140.0,69,989.2
2024-06-29 20:00:00,25.1,2.2,3.1,70.0,85,988.7
2024-06-29 21:00:00,24.3,10.9,2.6,70.0,91,988.5
2024-06-29 22:00:00,24.1,13.6,1.8,70.0,93,988.4
2024-06-29 23:00:00,24.2,8.1,1.1,70.0,93,987.6
2024-06-30 00:00:00,24.4,3.5,2.5,180.0,94,986.6
2024-06-30 01:00:00,24.4,15.1,4.5,200.0,95,986.0
2024-06-30 02:00:00,24.3,6.0,4.1,200.0,96,985.4
2024-06-30 03:00:00,24.2,8.4,4.2,200.0,96,984.7
2024-06-30 04:00:00,24.1,1.4,4.2,200.0,94,984.6
2024-06-30 05:00:00,24.0,0.6,3.8,200.0,95,984.7
2024-06-30 06:00:00,23.6,0.6,5.5,200.0,94,984.9
2024-06-30 08:00:00,22.7,0.0,5.3,200.0,92,985.2
2024-06-30 09:00:00,22.5,0.0,4.8,200.0,93,985.0
2024-06-30 10:00:00,22.1,0.1,5.2,200.0,93,985.7
2024-07-02 07:00:00,24.4,0.0,3.2,50.0,78,994.5
2024-07-02 08:00:00,24.0,0.3,2.6,70.0,82,994.6
2024-07-02 09:00:00,23.7,0.7,3.1,70.0,85,994.6
2024-07-02 10:00:00,23.5,2.5,2.1,70.0,89,995.1
2024-07-02 11:00:00,23.1,5.5,2.4,70.0,91,995.3
2024-07-02 12:00:00,22.1,20.1,3.8,70.0,94,994.9
2024-07-02 13:00:00,22.0,21.9,4.1,50.0,96,994.7
2024-07-02 14:00:00,22.0,7.2,4.4,50.0,97,994.4
2024-07-02 15:00:00,22.0,1.9,3.7,50.0,96,994.4
2024-07-02 16:00:00,22.1,1.5,3.9,50.0,97,994.0
2024-07-02 17:00:00,22.1,1.0,4.2,50.0,96,993.5
2024-07-02 18:00:00,22.1,0.2,3.6,50.0,95,992.7
2024-07-02 19:00:00,22.3,0.1,2.7,50.0,95,993.1
2024-07-02 20:00:00,22.4,0.1,2.8,50.0,95,993.4
2024-07-02 21:00:00,22.7,0.2,3.0,70.0,94,993.3
2024-07-02 22:00:00,23.1,0.0,2.0,50.0,94,993.3
2024-07-02 23:00:00,23.8,0.3,2.0,90.0,93,993.1
2024-07-03 00:00:00,24.1,1.6,1.5,140.0,95,993.2
2024-07-03 01:00:00,24.5,0.8,5.4,200.0,94,993.7
2024-07-03 02:00:00,24.3,0.0,3.8,200.0,91,993.9
2024-07-03 03:00:00,24.1,0.0,4.0,180.0,90,994.3
2024-07-03 04:00:00,24.1,0.0,3.4,200.0,88,994.5
2024-07-03 07:00:00,23.7,0.0,4.3,230.0,85,996.8
2024-07-03 08:00:00,23.7,0.0,3.7,230.0,83,997.9
2024-07-04 05:00:00,23.5,0.0,2.3,250.0,85,999.8
2024-07-04 17:00:00,29.5,0.0,2.8,200.0,59,993.7
2024-07-04 18:00:00,29.3,0.0,2.7,160.0,63,993.0
2024-07-04 19:00:00,29.0,0.0,3.3,160.0,65,992.4
2024-07-04 20:00:00,28.7,0.0,2.9,160.0,69,991.4
2024-07-04 21:00:00,29.0,0.0,4.8,230.0,71,991.9
2024-07-04 22:00:00,28.2,0.0,4.9,200.0,76,992.1
2024-07-04 23:00:00,26.2,3.6,3.1,200.0,85,991.7
2024-07-05 00:00:00,25.8,0.0,4.6,200.0,87,991.1
2024-07-05 01:00:00,24.7,3.3,5.3,230.0,90,990.5
2024-07-05 02:00:00,23.6,0.6,6.3,230.0,87,991.0
2024-07-05 03:00:00,22.3,0.0,7.0,200.0,90,991.0
2024-07-05 04:00:00,21.9,0.0,2.8,200.0,90,991.1
2024-07-05 05:00:00,21.4,0.0,5.6,230.0,93,991.7
2024-07-05 06:00:00,21.3,0.2,3.5,200.0,95,992.2
2024-07-05 07:00:00,21.5,0.0,3.3,200.0,94,993.1
2024-07-06 04:00:00,22.9,0.0,0.8,70.0,82,995.0
2024-07-06 05:00:00,22.4,1.0,1.6,50.0,89,994.7
2024-07-06 06:00:00,22.1,1.5,2.2,50.0,92,994.3
2024-07-06 07:00:00,22.1,0.0,2.6,50.0,93,994.0
2024-07-06 18:00:00,27.8,0.0,4.4,200.0,79,990.8
2024-07-06 20:00:00,26.5,0.0,5.5,230.0,83,991.7
2024-07-06 21:00:00,25.3,0.1,5.6,230.0,88,992.4
2024-07-06 22:00:00,24.5,0.2,3.8,250.0,87,993.3
2024-07-07 18:00:00,26.0,0.0,2.2,250.0,82,993.8
2024-07-07 19:00:00,24.5,19.9,1.7,270.0,91,994.0
2024-07-07 20:00:00,24.2,7.3,1.5,270.0,91,994.0
2024-07-07 21:00:00,24.4,0.6,1.6,230.0,94,994.6
2024-07-07 22:00:00,24.4,0.8,2.9,200.0,94,994.5
2024-07-07 23:00:00,24.4,0.1,2.5,200.0,94,993.8
2024-07-08 01:00:00,24.0,0.0,3.0,230.0,96,994.3
2024-07-08 02:00:00,24.0,0.0,2.3,270.0,95,993.3
2024-07-08 03:00:00,23.9,0.8,1.7,230.0,96,993.1
2024-07-08 04:00:00,23.8,1.4,1.6,250.0,96,993.2
2024-07-08 05:00:00,23.8,6.8,1.5,200.0,97,993.6
2024-07-08 06:00:00,23.9,0.5,1.3,180.0,96,993.1
2024-07-08 07:00:00,24.2,0.0,2.0,200.0,96,993.5
2024-07-08 09:00:00,24.2,0.0,2.0,230.0,93,993.3
2024-07-08 10:00:00,24.1,0.0,2.4,200.0,91,993.0
2024-07-08 11:00:00,24.1,0.0,2.4,200.0,90,993.3
2024-07-08 12:00:00,23.9,0.3,2.7,230.0,92,993.3
2024-07-08 13:00:00,24.0,0.4,1.9,250.0,93,993.0
2024-07-08 14:00:00,23.9,3.2,1.4,270.0,94,993.0
2024-07-08 15:00:00,24.0,1.8,2.0,290.0,94,992.5
2024-07-08 16:00:00,24.3,0.2,3.2,200.0,93,992.6
2024-07-08 17:00:00,24.5,0.0,2.3,160.0,92,991.4
2024-07-08 18:00:00,24.3,0.0,1.4,230.0,90,991.7
2024-07-08 19:00:00,23.9,2.7,2.7,230.0,93,992.3
2024-07-08 20:00:00,23.4,3.0,1.8,340.0,93,991.7
2024-07-08 21:00:00,23.1,0.0,1.3,290.0,92,992.1
2024-07-08 23:00:00,23.2,0.0,0.9,270.0,93,993.2
2024-07-09 12:00:00,26.2,0.0,1.7,160.0,80,995.3
2024-07-09 13:00:00,26.4,0.0,2.8,180.0,80,995.0
2024-07-09 15:00:00,25.8,0.0,3.3,200.0,83,995.2
2024-07-09 16:00:00,25.3,0.0,3.6,200.0,83,995.1
2024-07-09 17:00:00,25.2,0.1,1.0,140.0,84,994.0
2024-07-09 18:00:00,25.1,0.0,2.6,160.0,84,993.9
2024-07-09 21:00:00,24.8,0.0,1.1,90.0,84,994.3
2024-07-09 22:00:00,24.6,0.0,2.4,110.0,85,994.5
2024-07-09 23:00:00,24.3,0.0,2.1,70.0,87,993.5
2024-07-10 00:00:00,23.9,0.2,1.9,70.0,90,993.3
2024-07-10 01:00:00,23.6,1.4,2.5,90.0,92,991.6
2024-07-10 02:00:00,23.4,0.0,2.2,70.0,92,991.9
2024-07-10 03:00:00,23.1,0.0,3.6,70.0,93,989.1
2024-07-10 04:00:00,23.0,0.0,3.2,320.0,88,990.0
2024-07-10 05:00:00,22.8,0.0,2.0,20.0,87,989.6
2024-07-10 15:00:00,29.0,0.0,3.4,320.0,71,989.6
2024-07-10 16:00:00,29.6,0.0,2.1,250.0,67,989.3
2024-07-13 23:00:00,26.8,0.0,2.3,250.0,73,998.4
2024-07-14 00:00:00,26.7,0.0,0.8,320.0,74,998.1
2024-07-14 01:00:00,26.7,0.0,1.5,360.0,78,997.8
2024-07-14 20:00:00,29.1,0.4,2.8,110.0,66,999.5
2024-07-16 00:00:00,28.2,0.0,3.0,140.0,70,1001.2
2024-07-16 14:00:00,28.9,0.0,4.2,180.0,69,999.5
2024-07-16 15:00:00,28.3,0.0,3.2,160.0,71,999.4
2024-07-16 16:00:00,25.9,3.5,1.7,140.0,84,999.7
2024-07-16 17:00:00,25.6,2.8,2.2,110.0,89,999.2
2024-07-16 18:00:00,25.8,0.4,1.4,90.0,89,999.1
2024-07-16 19:00:00,25.5,0.0,1.4,90.0,87,999.0
2024-07-16 20:00:00,25.1,7.2,0.9,340.0,91,999.2
2024-07-16 21:00:00,25.4,0.5,2.7,200.0,92,999.4
2024-07-16 22:00:00,25.4,0.2,2.4,200.0,91,1000.3
2024-07-16 23:00:00,24.7,1.9,1.6,200.0,92,1000.1
2024-07-17 00:00:00,24.6,0.5,2.0,140.0,93,999.7
2024-07-17 01:00:00,24.4,0.3,1.2,110.0,90,999.7
2024-07-17 02:00:00,24.4,1.6,1.0,110.0,93,999.1
2024-07-17 03:00:00,24.2,3.4,1.7,110.0,94,998.5
2024-07-17 04:00:00,24.1,1.1,2.0,110.0,93,997.7
2024-07-17 05:00:00,24.3,0.2,1.8,110.0,93,997.7
2024-07-17 06:00:00,24.7,0.0,1.2,140.0,93,997.5
2024-07-17 07:00:00,25.0,0.0,2.9,160.0,94,997.7
2024-07-17 08:00:00,25.2,6.5,3.5,270.0,96,998.4
2024-07-17 09:00:00,25.2,32.2,2.4,250.0,97,998.8
2024-07-17 10:00:00,24.4,39.0,1.5,90.0,95,998.6
2024-07-17 11:00:00,24.4,0.1,1.6,50.0,94,998.8
2024-07-17 12:00:00,25.6,0.0,1.9,180.0,92,999.1
2024-07-17 13:00:00,26.7,0.0,3.0,200.0,87,998.9
2024-07-17 14:00:00,28.0,0.0,6.3,180.0,77,997.9
2024-07-17 15:00:00,27.1,0.0,3.1,200.0,85,997.8
2024-07-17 16:00:00,26.7,0.4,2.8,200.0,87,997.2
2024-07-17 17:00:00,26.2,1.8,4.1,250.0,91,997.0
2024-07-17 18:00:00,25.0,4.0,3.9,290.0,89,997.0
2024-07-17 19:00:00,24.5,0.0,2.3,270.0,92,996.6
2024-07-17 20:00:00,24.9,0.0,0.9,20.0,93,996.3
2024-07-17 22:00:00,26.2,0.0,2.8,200.0,88,996.7
2024-07-17 23:00:00,26.1,0.5,3.7,180.0,89,996.1
2024-07-18 00:00:00,25.6,7.7,1.5,160.0,93,995.5
2024-07-18 01:00:00,25.5,3.0,0.9,90.0,93,994.6
2024-07-18 02:00:00,25.5,0.8,3.3,180.0,92,993.9
2024-07-18 03:00:00,25.6,0.1,2.2,160.0,90,993.2
2024-07-18 04:00:00,24.5,9.4,6.9,180.0,92,993.9
2024-07-18 05:00:00,23.9,5.8,2.2,180.0,95,992.9
2024-07-18 06:00:00,24.1,9.6,2.2,140.0,98,991.8
2024-07-18 07:00:00,23.7,10.3,2.7,230.0,97,992.1
2024-07-18 08:00:00,23.2,14.0,3.4,200.0,96,992.8
2024-07-18 09:00:00,23.3,2.7,2.2,230.0,95,992.4
2024-07-18 10:00:00,23.3,7.3,2.3,200.0,97,992.5
2024-07-18 11:00:00,23.5,7.7,2.8,200.0,98,992.5
2024-07-18 12:00:00,23.9,3.7,1.5,90.0,97,991.3
2024-07-18 13:00:00,23.9,12.9,1.4,70.0,98,990.3
2024-07-18 14:00:00,23.9,14.0,1.8,320.0,97,989.5
2024-07-18 15:00:00,23.9,18.0,1.8,70.0,98,988.9
2024-07-18 16:00:00,24.3,9.5,0.4,0.0,97,989.3
2024-07-18 17:00:00,24.5,0.0,2.5,250.0,95,990.4
2024-07-18 21:00:00,24.8,0.0,2.1,200.0,95,993.3
2024-07-18 23:00:00,24.4,0.0,2.1,200.0,95,994.3
2024-07-19 00:00:00,24.4,0.0,2.4,230.0,95,994.5
2024-07-19 01:00:00,24.4,0.0,1.9,230.0,96,994.6
2024-07-19 02:00:00,24.4,0.0,1.1,200.0,96,994.5
2024-07-19 03:00:00,24.3,0.1,2.3,200.0,96,994.4
2024-07-19 04:00:00,24.3,0.0,1.0,230.0,95,994.3
2024-07-20 09:00:00,26.5,0.0,3.0,180.0,79,998.6
2024-07-20 10:00:00,25.8,0.4,2.3,180.0,83,998.9
2024-07-20 11:00:00,26.8,0.0,3.0,160.0,79,998.2
2024-07-20 19:00:00,27.6,12.1,3.9,200.0,88,993.5
2024-07-20 20:00:00,26.3,1.7,3.2,180.0,87,993.4
2024-07-20 21:00:00,26.6,0.6,4.3,200.0,90,993.9
2024-07-20 22:00:00,26.7,0.1,4.4,200.0,89,994.0
2024-07-21 01:00:00,25.9,0.0,7.5,200.0,80,992.7
2024-07-21 02:00:00,25.1,0.0,5.7,200.0,79,993.1
2024-07-21 03:00:00,24.4,0.0,6.4,200.0,83,992.3
2024-07-21 04:00:00,22.6,2.9,7.3,230.0,94,993.4
2024-07-21 05:00:00,22.5,3.8,6.7,230.0,95,993.8
2024-07-21 06:00:00,23.0,0.7,4.5,230.0,93,995.2
2024-07-21 08:00:00,23.7,0.0,2.7,230.0,90,997.5
2024-07-21 09:00:00,23.7,0.0,3.3,230.0,90,998.3
2024-07-21 10:00:00,24.0,1.1,1.5,230.0,92,998.1
2024-07-21 20:00:00,28.6,0.0,3.0,200.0,80,997.7
2024-07-22 04:00:00,27.2,0.0,3.4,180.0,87,997.8
2024-07-22 05:00:00,26.8,0.5,3.1,200.0,91,997.6
2024-07-22 06:00:00,26.3,10.9,3.2,180.0,92,997.3
2024-07-22 07:00:00,26.2,0.0,2.2,200.0,92,997.4
2024-07-22 09:00:00,26.5,0.0,3.2,180.0,88,997.5
2024-07-22 10:00:00,26.6,0.0,4.1,200.0,87,998.0
2024-07-22 11:00:00,24.4,14.6,5.1,200.0,90,997.4
2024-07-22 12:00:00,25.4,1.9,0.9,90.0,91,996.6
2024-07-22 14:00:00,26.7,1.2,2.7,180.0,90,995.7
2024-07-22 15:00:00,26.0,16.0,3.9,230.0,93,995.6
2024-07-22 16:00:00,26.7,2.6,0.9,110.0,92,994.3
2024-07-22 17:00:00,27.2,0.0,1.7,180.0,89,993.3
2024-07-22 21:00:00,27.6,0.0,2.4,160.0,82,992.1
2024-07-22 23:00:00,27.2,0.3,7.2,200.0,86,991.2
2024-07-23 00:00:00,26.0,31.9,5.3,200.0,95,992.5
2024-07-23 01:00:00,26.2,0.0,5.1,200.0,93,993.2
2024-07-23 05:00:00,25.8,0.1,3.2,250.0,93,994.2
2024-07-23 06:00:00,25.9,0.0,3.3,230.0,93,994.2
2024-07-23 07:00:00,25.9,0.0,3.3,200.0,91,994.0
2024-07-23 11:00:00,25.9,0.8,3.1,230.0,91,995.2
2024-07-23 12:00:00,26.0,0.3,1.5,200.0,91,994.5
2024-07-23 13:00:00,26.3,0.5,2.4,200.0,90,994.4
2024-07-23 14:00:00,26.4,0.3,3.2,200.0,88,994.5
2024-07-23 15:00:00,27.0,0.0,3.3,230.0,85,994.1
2024-07-24 01:00:00,26.4,0.0,1.8,200.0,90,995.2
2024-07-24 02:00:00,26.4,0.1,2.3,200.0,92,994.8
2024-07-24 03:00:00,26.1,0.9,1.9,200.0,93,994.1
2024-07-24 04:00:00,26.2,0.0,3.0,200.0,94,993.6
2024-07-24 05:00:00,26.2,0.2,2.6,230.0,94,994.0
2024-07-24 06:00:00,26.1,12.2,3.1,270.0,95,994.2
2024-07-24 08:00:00,26.4,0.0,1.7,230.0,94,995.3
2024-07-24 09:00:00,27.2,0.7,0.3,0.0,93,995.2
2024-07-24 10:00:00,27.4,0.4,2.9,200.0,89,995.0
2024-07-24 11:00:00,28.2,0.2,2.1,250.0,89,994.5
2024-07-24 12:00:00,29.2,0.0,3.0,250.0,81,994.0
2024-07-25 02:00:00,27.2,0.0,2.0,200.0,88,995.2
2024-07-25 07:00:00,27.1,0.0,1.3,180.0,89,996.0
2024-07-25 12:00:00,30.6,0.0,1.6,180.0,73,996.2
2024-07-25 13:00:00,29.8,5.9,1.9,340.0,81,996.1
2024-07-25 22:00:00,26.1,15.1,1.4,70.0,88,998.6
2024-07-25 23:00:00,25.9,0.0,3.1,50.0,90,998.7
2024-07-26 00:00:00,25.4,4.3,2.9,50.0,92,998.8
2024-07-26 01:00:00,25.3,0.7,1.7,70.0,92,998.9
2024-07-26 14:00:00,30.4,2.9,1.1,270.0,80,998.9
2024-07-26 17:00:00,29.1,1.9,1.7,180.0,82,999.3
2024-07-26 23:00:00,28.5,0.0,1.2,90.0,82,1002.8
2024-07-27 00:00:00,28.1,0.0,1.8,90.0,83,1002.7
2024-07-27 01:00:00,27.9,0.0,1.6,140.0,83,1002.8
2024-07-27 02:00:00,27.8,0.0,0.8,70.0,84,1002.8
2024-07-27 14:00:00,30.1,1.5,3.1,250.0,81,1004.2
2024-07-27 15:00:00,30.9,4.8,3.1,200.0,79,1003.3
2024-07-27 16:00:00,29.2,3.4,2.1,200.0,85,1003.5
2024-07-27 17:00:00,29.3,5.9,2.2,160.0,86,1003.6
2024-07-27 18:00:00,28.7,10.1,1.4,160.0,90,1003.6
2024-07-27 19:00:00,28.3,7.8,0.0,0.0,90,1004.3
2024-07-28 16:00:00,30.6,0.0,5.8,230.0,68,1001.7
2024-07-29 06:00:00,27.2,0.0,3.9,200.0,84,999.9
2024-07-29 07:00:00,27.3,0.0,2.8,230.0,84,1000.0
2024-07-29 08:00:00,27.4,0.0,4.3,230.0,84,1000.1
2024-07-29 09:00:00,27.6,0.0,3.8,230.0,82,999.9
2024-07-29 10:00:00,27.5,0.0,4.8,230.0,83,1000.2
2024-07-29 11:00:00,27.5,0.0,4.1,200.0,83,1000.1
2024-07-29 12:00:00,27.6,0.0,3.1,200.0,84,999.6
2024-07-29 14:00:00,27.7,0.0,3.8,230.0,84,998.9
2024-07-29 15:00:00,27.6,0.0,4.9,230.0,84,998.6
2025-06-02 07:00:00,19.5,0.0,1.3,290.0,68,995.2
2025-06-02 08:00:00,19.9,0.0,0.9,340.0,65,995.2
2025-06-02 10:00:00,21.2,0.0,1.4,250.0,65,994.7
2025-06-02 11:00:00,21.1,0.0,1.9,230.0,63,994.6
2025-06-02 12:00:00,21.4,0.0,0.8,20.0,67,994.6
2025-06-02 13:00:00,22.1,0.0,2.1,50.0,67,993.7
2025-06-02 14:00:00,22.3,0.0,1.8,70.0,58,993.0
2025-06-02 15:00:00,22.9,0.0,2.2,70.0,56,992.2
2025-06-07 12:00:00,25.2,0.0,3.0,230.0,62,998.0
2025-06-07 22:00:00,23.0,0.0,2.7,270.0,82,998.0
2025-06-07 23:00:00,22.3,0.1,2.0,250.0,84,998.0
2025-06-08 00:00:00,22.2,0.0,1.2,180.0,85,998.1
2025-06-08 01:00:00,21.6,0.6,2.0,200.0,87,998.0
2025-06-08 02:00:00,21.6,0.0,0.8,180.0,87,997.5
2025-06-08 03:00:00,21.6,0.0,0.9,200.0,87,997.5
2025-06-08 04:00:00,21.5,0.0,0.6,250.0,86,997.3
2025-06-09 04:00:00,21.5,0.0,2.8,180.0,78,997.7
2025-06-10 03:00:00,20.2,0.0,2.8,270.0,82,997.2
2025-06-13 18:00:00,24.5,0.0,3.5,180.0,63,999.4
2025-06-13 19:00:00,23.0,0.0,0.8,180.0,70,999.7
2025-06-13 20:00:00,22.1,0.0,2.0,90.0,75,999.3
2025-06-13 21:00:00,21.9,0.0,0.6,20.0,74,999.9
2025-06-13 22:00:00,20.4,1.5,2.4,70.0,82,999.3
2025-06-13 23:00:00,20.2,0.0,1.8,70.0,84,998.7
2025-06-15 18:00:00,28.4,0.4,3.3,200.0,68,985.8
2025-06-15 19:00:00,26.4,0.0,3.4,230.0,77,986.3
2025-06-15 21:00:00,25.5,0.0,5.6,200.0,83,986.5
2025-06-15 22:00:00,24.7,1.4,2.9,230.0,91,986.6
2025-06-15 23:00:00,23.6,7.1,3.0,230.0,92,986.7
2025-06-16 00:00:00,22.7,2.9,2.7,270.0,93,986.5
2025-06-16 01:00:00,22.3,2.9,2.6,250.0,94,986.2
2025-06-16 02:00:00,22.3,2.1,0.4,0.0,92,985.7
2025-06-16 03:00:00,22.5,0.2,2.2,180.0,94,985.6
2025-06-16 04:00:00,22.6,0.9,2.2,230.0,94,985.6
2025-06-16 05:00:00,22.6,0.1,2.6,200.0,95,986.0
2025-06-16 06:00:00,22.3,0.3,2.2,230.0,96,986.4
2025-06-16 07:00:00,22.2,0.1,2.7,230.0,94,986.8
2025-06-16 08:00:00,22.3,0.3,1.5,230.0,95,986.8
2025-06-16 09:00:00,22.6,0.0,1.4,230.0,95,986.2
2025-06-16 10:00:00,23.2,0.0,2.1,200.0,92,986.7
2025-06-16 14:00:00,23.3,13.1,2.5,250.0,93,986.8
2025-06-16 15:00:00,24.1,0.0,3.9,200.0,87,986.7
2025-06-19 21:00:00,30.1,0.0,2.7,180.0,58,999.7
2025-06-19 22:00:00,28.3,0.8,1.3,200.0,72,999.7
2025-06-20 01:00:00,27.8,0.0,3.9,160.0,74,998.4
2025-06-20 02:00:00,25.8,2.8,2.2,180.0,84,998.3
2025-06-20 03:00:00,25.5,0.2,2.2,140.0,87,997.6
2025-06-20 04:00:00,25.1,1.1,3.0,110.0,90,996.6
2025-06-20 05:00:00,24.8,1.5,2.6,160.0,90,995.9
2025-06-20 06:00:00,24.5,8.0,3.2,200.0,94,996.3
2025-06-20 07:00:00,24.4,7.0,3.3,180.0,95,996.1
2025-06-20 08:00:00,24.6,1.7,4.3,180.0,92,995.8
2025-06-20 09:00:00,24.7,0.6,2.7,180.0,93,995.2
2025-06-20 10:00:00,24.9,0.7,2.6,160.0,92,994.6
2025-06-20 11:00:00,24.8,2.1,2.7,160.0,93,994.4
2025-06-20 12:00:00,25.0,1.4,4.7,180.0,90,993.7
2025-06-20 13:00:00,25.5,0.0,3.5,160.0,86,992.6
2025-06-20 14:00:00,25.2,0.9,3.3,180.0,89,991.5
2025-06-20 15:00:00,24.7,4.8,5.8,200.0,93,991.5
2025-06-20 16:00:00,24.3,4.3,5.7,200.0,94,990.7
2025-06-20 17:00:00,23.6,3.9,7.7,200.0,94,990.2
2025-06-20 18:00:00,23.4,5.1,6.5,200.0,96,990.0
2025-06-20 19:00:00,23.4,1.2,5.3,200.0,96,990.5
2025-06-20 20:00:00,22.9,0.8,5.8,200.0,95,991.4
2025-06-20 21:00:00,22.7,0.6,4.2,200.0,98,991.9
2025-06-20 22:00:00,22.5,1.6,4.2,230.0,98,992.4
2025-06-20 23:00:00,22.3,0.4,3.4,200.0,97,992.7
2025-06-21 00:00:00,22.2,0.4,3.2,230.0,96,992.7
2025-06-21 01:00:00,21.6,0.2,3.5,200.0,95,992.7
2025-06-21 02:00:00,21.2,0.0,2.6,200.0,96,992.3
2025-06-21 03:00:00,21.2,0.0,1.6,250.0,96,992.1
2025-06-21 04:00:00,21.0,0.0,1.0,180.0,97,991.3
2025-06-21 05:00:00,20.9,0.0,1.8,250.0,97,991.7
2025-06-21 06:00:00,20.8,0.0,1.8,270.0,96,992.5
2025-06-21 07:00:00,21.0,0.0,1.0,230.0,96,992.7
2025-06-21 14:00:00,23.0,0.0,2.9,270.0,84,993.2
2025-06-21 15:00:00,23.5,0.0,2.4,270.0,80,993.2
2025-06-21 16:00:00,24.0,0.0,2.0,250.0,77,993.1
2025-06-24 20:00:00,26.1,0.0,3.6,50.0,53,996.5
2025-06-24 21:00:00,24.5,0.0,2.6,70.0,66,996.9
2025-06-24 22:00:00,22.1,1.4,3.1,90.0,84,997.6
2025-06-24 23:00:00,20.7,0.9,3.6,50.0,88,997.4
2025-06-25 00:00:00,20.6,0.0,4.5,50.0,83,996.9
2025-06-25 02:00:00,21.2,0.0,2.7,50.0,75,996.2
2025-06-25 03:00:00,20.1,1.2,4.1,50.0,83,995.9
2025-06-25 04:00:00,19.5,0.4,3.4,70.0,86,995.4
2025-06-25 05:00:00,20.0,0.0,4.1,50.0,81,995.5
2025-06-25 06:00:00,20.1,0.0,2.9,50.0,81,995.4
2025-06-25 07:00:00,20.5,0.0,3.1,50.0,83,995.5
2025-06-25 08:00:00,20.2,0.5,2.7,50.0,90,996.0
2025-06-25 09:00:00,20.1,0.3,2.8,50.0,91,996.2
2025-06-25 10:00:00,20.3,0.2,2.3,50.0,94,996.2
2025-06-25 11:00:00,20.7,0.3,2.7,50.0,93,995.9
2025-06-25 12:00:00,20.8,0.0,2.5,50.0,91,995.8
2025-06-25 13:00:00,21.6,0.0,3.1,50.0,87,995.7
2025-06-25 14:00:00,22.0,0.0,2.8,50.0,86,995.5
2025-06-25 15:00:00,21.9,0.1,2.7,50.0,89,995.4
2025-06-25 16:00:00,22.0,0.4,1.7,50.0,93,995.4
2025-06-25 17:00:00,21.9,0.2,1.8,50.0,91,995.2
2025-06-25 18:00:00,21.8,0.4,2.1,50.0,92,995.1
2025-06-25 19:00:00,21.5,2.2,2.0,50.0,95,995.3
2025-06-25 20:00:00,21.3,1.6,1.1,140.0,93,995.8
2025-06-25 21:00:00,21.2,0.2,1.5,200.0,91,996.5
2025-06-26 02:00:00,20.6,0.0,1.0,180.0,92,997.6
2025-06-26 04:00:00,20.3,0.7,2.0,200.0,96,997.6
2025-06-26 05:00:00,19.9,0.4,3.0,250.0,94,997.8
2025-06-26 06:00:00,20.0,0.0,2.4,270.0,95,998.1
2025-06-26 16:00:00,22.9,0.0,1.9,250.0,81,998.5
2025-06-27 04:00:00,21.2,0.0,0.6,360.0,89,998.1
2025-06-27 09:00:00,22.7,0.0,0.6,270.0,86,999.1
2025-06-27 10:00:00,23.1,0.0,1.0,270.0,84,999.3
2025-06-27 11:00:00,23.4,0.0,1.5,340.0,83,999.2
2025-06-27 12:00:00,24.4,0.0,0.6,20.0,79,998.9
2025-06-27 14:00:00,26.5,0.0,2.7,50.0,74,997.6
2025-06-28 02:00:00,25.3,0.0,0.9,20.0,80,997.8
2025-06-28 03:00:00,25.1,0.0,0.7,50.0,84,997.5
2025-06-28 04:00:00,24.8,0.0,0.6,50.0,86,997.5
2025-06-28 05:00:00,24.6,0.0,1.5,50.0,86,997.3
2025-06-28 06:00:00,24.6,0.1,1.3,50.0,88,997.5
2025-06-28 07:00:00,24.5,0.3,1.2,20.0,91,997.7
2025-06-28 08:00:00,24.7,0.2,1.4,20.0,90,997.8
2025-06-28 09:00:00,25.0,0.0,1.4,50.0,90,997.7
2025-06-28 10:00:00,25.9,0.0,1.1,160.0,88,997.1
2025-06-28 14:00:00,27.5,0.0,1.3,270.0,83,996.4
2025-06-29 05:00:00,25.0,0.0,2.3,180.0,89,996.9
2025-06-29 10:00:00,26.3,0.0,2.6,200.0,80,998.2
2025-07-01 05:00:00,26.7,0.0,2.9,200.0,84,1001.5
2025-07-01 06:00:00,26.5,0.0,2.0,230.0,87,1001.8
2025-07-01 07:00:00,26.4,0.1,2.4,200.0,91,1002.0
2025-07-01 08:00:00,26.4,0.8,3.1,200.0,91,1002.2
2025-07-01 09:00:00,27.0,0.0,2.7,200.0,88,1002.2
2025-07-01 10:00:00,28.1,0.0,2.9,180.0,83,1002.5
2025-07-01 11:00:00,29.1,0.0,2.8,230.0,78,1002.3
2025-07-02 15:00:00,30.2,0.0,3.6,270.0,69,1001.7
2025-07-03 12:00:00,28.5,0.0,2.9,230.0,75,1000.4
2025-07-04 11:00:00,27.3,0.0,3.2,180.0,75,997.5
2025-07-04 12:00:00,27.0,0.0,2.8,180.0,76,997.1
2025-07-04 13:00:00,27.4,0.0,4.1,180.0,74,996.8
2025-07-04 16:00:00,28.9,0.0,3.8,230.0,71,995.3
2025-07-04 17:00:00,28.6,0.0,3.9,230.0,74,995.0
2025-07-08 19:00:00,27.9,6.4,6.3,230.0,80,996.6
2025-07-08 20:00:00,27.2,4.9,1.4,160.0,81,997.3
2025-07-08 21:00:00,27.4,0.5,2.2,20.0,87,997.6
2025-07-08 22:00:00,27.8,0.0,0.9,50.0,84,998.2
