rank,title,subtitle,writer,price,grade,image
1,청춘의 독서,세상을 바꾼 위험하고 위대한 생각들,유시민,"17,010",9.5,https://image.yes24.com/goods/145629000/L
2,엄마의 말 연습,화내지 않고 사랑하는 마음을 오롯이 전하는 39가지 존중어 수업,윤지영,"15,750",9.8,https://image.yes24.com/goods/112925092/L
3,단 한 번의 삶,최강 형제가 들려주는 최소한의 정치 교양,김영하,"15,120",9.1,https://image.yes24.com/goods/144021119/L
4,어른의 품격을 채우는 100일 필사 노트,양귀자 장편소설,김종원,"18,000",9.8,https://image.yes24.com/goods/142687238/L
5,이로운 보수 의로운 진보,AI 시대의 실용적 생존 가이드,최강욱,"18,000",9.6,https://image.yes24.com/goods/145655960/L
6,소년이 온다,자연 생물 관찰 만화,최강혁,"13,500",9.7,https://image.yes24.com/goods/13137546/L
7,초역 부처의 말,"누구의 시선도 아닌, 내 의지대로 살겠다는 선언",한강,"16,020",9.4,https://image.yes24.com/goods/126590468/L
8,어른의 행복은 조용하다,06. 매너와 에티켓: 원만한 또래 관계를 위한 예의와 규칙,코이케 류노스케,"16,020",9.5,https://image.yes24.com/goods/136298166/L
9,모순,이재명의 인생과 정치철학,박재현,"11,700",9.6,https://image.yes24.com/goods/8759796/L
10,듀얼 브레인,광해군 편 : 두 얼굴의 왕,태수,"18,900",8.7,https://image.yes24.com/goods/142876017/L
11,쇼펜하우어 인생수업 : 한 번뿐인 삶 이렇게 살아라 (리커버 에디션),지방직 대비,양귀자,"15,750",8.9,https://image.yes24.com/goods/125085536/L
12,빛과 실,"석기시대부터 AI까지, 정보 네트워크로 보는 인류 역사",이선 몰릭,"13,500",9.6,https://image.yes24.com/goods/145569016/L
13,에그박사 15,시장의 주기와 추세를 읽는 눈,신동숙,"14,220",9.6,https://image.yes24.com/goods/146956714/L
14,혼모노,존 윌리엄스 장편소설,쇼펜하우어,"16,200",9.6,https://image.yes24.com/goods/143911524/L
15,위버멘쉬,전 세계 최초 공식 자서전,김지민,"16,020",9.7,https://image.yes24.com/goods/142972546/L
16,친구 사이에도 예의가 필요해,삶의 본질에 집중하는 태도에 관하여,한강,"15,300",9.0,https://image.yes24.com/goods/146488953/L
17,급류,옳은 방식으로 질문해야 답이 보인다,에그박사,"12,600",9.9,https://image.yes24.com/goods/116586303/L
18,괴수 8호 15 트리플특장판,할 말은 많지만 쓸 만한 말이 없는 어른들의 숨은 어휘력 찾기,박송이,"5,400",9.8,https://image.yes24.com/goods/146827203/L
19,"첫 여름, 완주",돈에 휘둘리지 않고 살아남는 15가지 시스템,홍종현,"15,300",9.3,https://image.yes24.com/goods/145567095/L
20,친구가 상처 줄 때 똑똑하게 나를 지키는 법,영유아 수면교육,주세종,"15,120",9.2,https://image.yes24.com/goods/145278860/L
21,결국 국민이 합니다,두려움을 용기로 바꾸는 고수리의 글쓰기 수업,성해나,"19,800",9.7,https://image.yes24.com/goods/145008767/L
22,워런 버핏 웨이,,프리드리히 니체,"29,700",9.6,https://image.yes24.com/goods/146262682/L
23,서랍에 저녁을 넣어 두었다,,한진아,"10,800",10.0,https://image.yes24.com/goods/11467936/L
24,"2025 큰별쌤 최태성의 별별한국사 한국사능력검정시험 심화(1,2,3급) 상",,지니 킴,"14,850",10.0,https://image.yes24.com/goods/140199250/L
25,설민석의 한국사 대모험 33,,박혜림,"12,600",9.9,https://image.yes24.com/goods/146739484/L
26,흔한남매 19,,정대건,"14,220",9.3,https://image.yes24.com/goods/144996089/L
27,2025 심우철 실전 동형 모의고사 Season 4,,마츠모토 나오야,"12,960",9.5,https://image.yes24.com/goods/146262676/L
28,최애의 아이 16 특별판,,유유리,"35,100",9.8,https://image.yes24.com/goods/146928293/L
29,넥서스,,김금희,"25,020",9.4,https://image.yes24.com/goods/134602629/L
30,돈의 흐름은 되풀이된다,,이현아,"17,100",9.6,https://image.yes24.com/goods/146505065/L
31,ETS 토익 정기시험 기출문제집 1000 Vol. 4 RC,,서영,"17,820",9.8,https://image.yes24.com/goods/124043812/L
32,스토너,,이재명,"15,120",9.7,https://image.yes24.com/goods/15718330/L
33,"2025 큰별쌤 최태성의 별별한국사 한국사능력검정시험 심화(1,2,3급) 하",,로버트 해그스트롬,"14,400",10.0,https://image.yes24.com/goods/140199263/L
34,ETS 토익 정기시험 기출문제집 1000 Vol. 4 LC,,신용우,"17,820",10.0,https://image.yes24.com/goods/124043802/L
35,최애의 아이 16,,한강,"7,110",9.8,https://image.yes24.com/goods/146928266/L
36,"엔비디아 젠슨 황, 생각하는 기계",,최태성,"25,200",9.6,https://image.yes24.com/goods/146344342/L
37,진짜의 마인드,,설민석,"16,650",9.5,https://image.yes24.com/goods/146360905/L
38,"혹시, 돈 얘기해도 될까요?",,남이담,"17,820",10.0,https://image.yes24.com/goods/147034156/L
39,너에게 들려주는 단단한 말,,정현희,"16,200",10.0,https://image.yes24.com/goods/128266166/L
40,질문의 격,,강석화,"16,020",9.8,https://image.yes24.com/goods/146603660/L
41,하루 한 장 나의 어휘력을 위한 필사 노트,,흔한남매,"21,420",9.8,https://image.yes24.com/goods/125557465/L
42,길고양이와 늑대 5 더블특전판,,백난도,"5,400",9.9,https://image.yes24.com/goods/146866795/L
43,과자 사면 과학 드립니다,,유난희,"13,500",9.6,https://image.yes24.com/goods/145360947/L
44,부의 전략 수업,,흔한컴퍼니,"17,820",9.4,https://image.yes24.com/goods/145995588/L
45,살아갈 날들을 위한 괴테의 시,,심우철,"17,100",10.0,https://image.yes24.com/goods/141253984/L
46,2025 문동균 한국사 지방직 대비 실전 봉투모의고사,,아카사카 아카,"10,800",,https://image.yes24.com/goods/144868019/L
47,똑게육아,,요코야리 멘고,"19,980",,https://image.yes24.com/goods/107513921/L
48,파과 (리커버),,유발 하라리,"14,220",,https://image.yes24.com/goods/125761518/L
49,얼굴만으론 좋아할 수 없어요 13,,김명주,"5,400",,https://image.yes24.com/goods/146930360/L
50,쓰는 사람의 문장 필사,,홍춘욱,"19,800",,https://image.yes24.com/goods/146576113/L
51,행복한 철학자,단단한 마음을 만드는 다정한 말,우애령,"17,100",9.9,https://image.yes24.com/goods/123663919/L
52,채식주의자,초보 투자자를 위한 부자아빠의 핵심 트레이닝,펀자이씨(엄유진),"15,300",9.1,https://image.yes24.com/goods/108422348/L
53,그녀를 지키다,주제별 연상암기로 토익 영단어 30일 완성!,한강,"19,800",9.8,https://image.yes24.com/goods/143753016/L
54,내가 나라서 정말 좋아,이 계절을 함께 건너는 당신에게,장바티스트 앙드레아,"15,120",9.9,https://image.yes24.com/goods/140371473/L
55,2025 써니 행정법총론 봉투모의고사 (4회),관우의 길,정혜용,"7,200",9.9,https://image.yes24.com/goods/144594099/L
56,실패를 성공으로 바꾸는 주식투자의 기술,엉뚱 도전 속에 숨은 과학 상식,김지훤,"18,900",9.5,https://image.yes24.com/goods/146332254/L
57,작별하지 않는다,징그럽네,하꼬방,"15,120",9.6,https://image.yes24.com/goods/103495056/L
58,봄의 폭풍과 몬스터 6,현재와 미래가 달라지는 놀라운 혁명,박준철,"5,400",9.9,https://image.yes24.com/goods/146889899/L
59,해커스 토익 기출 VOCA (보카),5-9세를 위한 첫 대화법 연습책,정재호,"11,610",9.6,https://image.yes24.com/goods/67362730/L
60,우리의 낙원에서 만나자,격동의 한국 근대사를 뚫고 피어난 불멸의 예술혼,한강,"17,550",10.0,https://image.yes24.com/goods/146344852/L
61,설민석의 삼국지 대모험 22,지방직 대비,미츠바치 미유키,"12,600",10.0,https://image.yes24.com/goods/146889563/L
62,슈뻘맨의 숨은 과학 찾기 6,원어민처럼 자연스러운 영어 말하기 첫걸음,David Cho,"13,500",9.6,https://image.yes24.com/goods/146810420/L
63,데일 카네기 인간관계론 (50만부 돌파 초판 무삭제 완역본),따라 쓰기만 해도 마음의 키가 한 뼘 자라는,하태완,"10,350",10.0,https://image.yes24.com/goods/79297023/L
64,카구라바치 5 더블특전판,대치동 출신 김 선생의 독설,단꿈아이,"5,850",10.0,https://image.yes24.com/goods/146576419/L
65,오닉스 스톰 1,고등학생이 되기 전에 읽어야 할 비문학 독해 이야기,스튜디오 담,"17,100",10.0,https://image.yes24.com/goods/147034802/L
66,루리 드래곤 3,부정적 감정을 지우는 효과적인 뇌 사용법,남이담,"5,400",9.2,https://image.yes24.com/goods/146866351/L
67,이기적 유전자 The Selfish Gene,서울대 출신 약사가 제안하는 생활밀착형 약학 상식!,슈뻘맨,"18,000",9.1,https://image.yes24.com/goods/65067259/L
68,퓨처 셀프 30만 부 기념 스페셜 에디션,다정한 양육은 어떻게 아이를 망치는가,서후,"19,800",10.0,https://image.yes24.com/goods/133809700/L
69,바꿔 봐 바꿔 봐 뾰족뾰족 미운 말,살찌지 않는 뇌를 만드는 21일 식습관 혁명,류수형,"14,850",9.7,https://image.yes24.com/goods/146518159/L
70,살롱 드 경성 2,피보다 진하게 살아라,샌드박스 네트워크,"18,900",9.9,https://image.yes24.com/goods/145710715/L
71,2025 선재국어 최우선 실전 봉투 모의고사,자기만의 손익비를 찾아라!,정재형,"16,200",9.7,https://image.yes24.com/goods/144093398/L
72,김재우의 기초 영어회화 100,"직선·곡선 선 긋기,여러 가지 선 긋기,한글·숫자 선 긋기",데일 카네기,"17,010",9.3,https://image.yes24.com/goods/139853780/L
73,니체 인생수업 : 니체가 세상에 남긴 66가지 인생지혜 (리커버 에디션),특별판,임상훈,"15,750",9.8,https://image.yes24.com/goods/125617545/L
74,긴긴밤,세계 역사 문화 체험 학습만화,호카조노 타케루,"11,250",10.0,https://image.yes24.com/goods/97255028/L
75,아이의 어휘력을 위한 66일 필사 노트,,레베카 야로스,"16,650",9.6,https://image.yes24.com/goods/145346626/L
76,2025 제16회 젊은작가상 수상작품집,,이수현,"6,930",10.0,https://image.yes24.com/goods/144248311/L
77,수능을 좌우하는 중학 국어 공부법,,신도 마사오키,"18,900",9.9,https://image.yes24.com/goods/146032669/L
78,중등 필독 신문,,이루다,"16,020",9.0,https://image.yes24.com/goods/125076435/L
79,마음의 기술,,리처드 도킨스,"18,900",9.6,https://image.yes24.com/goods/138831340/L
80,동공이 약사의 알찬 약국,,홍영남,"18,000",9.7,https://image.yes24.com/goods/145222519/L
81,고래눈이 내리다,,이상임,"15,120",9.8,https://image.yes24.com/goods/146651623/L
82,어린이를 위한 철학자의 말,,벤저민 하디,"17,010",9.3,https://image.yes24.com/goods/143652533/L
83,홍학의 자리,,최은아,"12,600",9.5,https://image.yes24.com/goods/102791425/L
84,참을 수 없는 존재의 가벼움,,사이토 다카시,"15,300",9.5,https://image.yes24.com/goods/61933303/L
85,이처럼 사소한 것들,,가와하라 미즈마루,"12,420",9.7,https://image.yes24.com/goods/123400303/L
86,파리 잡기 대회,,권남희,"10,800",10.0,https://image.yes24.com/goods/23048418/L
87,시든 꽃에 눈물을 1~2 세트,,김인혜,"28,800",9.5,https://image.yes24.com/momo/PD_19_L.gif
88,허영만의 주식 타짜 ― 슈퍼개미 이세무사,,이선재,"15,120",10.0,https://image.yes24.com/goods/146851102/L
89,부서지는 아이들,,김재우,"19,800",9.0,https://image.yes24.com/goods/145610947/L
90,식탐 해방,,프리드리히 니체,"17,820",8.9,https://image.yes24.com/goods/146282334/L
91,세이노의 가르침,,김지민,"6,480",9.6,https://image.yes24.com/goods/117014613/L
92,"책문, 이 시대가 묻는다",,루리,"19,800",10.0,https://image.yes24.com/goods/18502393/L
93,손실은 짧게 수익은 길게,,김종원,"22,500",10.0,https://image.yes24.com/goods/145124304/L
94,여름 피치 스파클링,,백온유,"10,800",9.6,https://image.yes24.com/goods/147034731/L
95,혼자서도 잘하는 첫 선 긋기,,강보라,"6,750",9.9,https://image.yes24.com/goods/140481851/L
96,타키 포오 코믹 어드벤처 8,,서장원,"13,050",,https://image.yes24.com/goods/147032804/L
97,"2025 큰별쌤 최태성의 별별한국사 기출 500제 한국사능력검정시험 심화(1,2,3급)",,성해나,"17,550",,https://image.yes24.com/goods/140231250/L
98,코스모스,,성혜령,"17,910",,https://image.yes24.com/goods/2312211/L
99,피를 마시는 새 출판 20주년 일러스트 특별 한정판 바둑판 미니어처 세트,,김민정,"234,000",,https://image.yes24.com/goods/146965350/L
100,Go Go 카카오프렌즈 36 포르투갈,,이현옥,"15,120",,https://image.yes24.com/goods/146482177/L
101,2025 이동기 영어 신경향 직전동형 모의고사 Vol.2,주기율표에 숨겨진 우리 주변의 신기한 비밀들,(주)이앤미래(이동기),"13,500",10.0,https://image.yes24.com/goods/143916682/L
102,세상을 움직이는 놀라운 화학,마음은 단단하게 지키고 아이는 더 사랑하는,표트르 발치트,"16,920",9.9,https://image.yes24.com/goods/147056032/L
103,흔한남매 과학 탐험대 14 화학 반응,기초 문형으로 회화부터 JLPT까지,마리아 샤라포바,"15,120",10.0,https://image.yes24.com/goods/145417020/L
104,부모의 어휘력을 위한 66일 필사 노트,흔들리지 않고 무엇이든 해내는 마음근력,리사 카진스카야,"19,800",9.5,https://image.yes24.com/goods/145337604/L
105,자유론,위대한 변화를 이끌어내는 아주 작은 실행의 힘,이경아,"7,920",9.6,https://image.yes24.com/goods/61158900/L
106,해커스 일본어 첫걸음 : 일본어 기초 20일 독학 완성!,당신은 왜 부자가 되지 못했는가,이황기,"12,510",9.6,https://image.yes24.com/goods/102502665/L
107,마음에 힘이 되는 하루 한 문장 영어 필사,살찌지 않는 건강한 몸으로 되돌리는 4주 다이어트 식단,흔한남매,"19,800",9.8,https://image.yes24.com/goods/142609163/L
108,그릿 GRIT,흔들리는 시간을 넘어 단단히 나를 세우는 법,김언정,"16,920",9.4,https://image.yes24.com/goods/142805048/L
109,행동하지 않으면 인생은 바뀌지 않는다,인간 사회의 운명을 바꾼 힘,송은경,"15,210",10.0,https://image.yes24.com/goods/138282792/L
110,읽으면서 바로 써먹는 어린이 초등 교과 어휘,아름다운 부자 김장하 취재기,김덕영,"11,700",10.0,https://image.yes24.com/goods/145323420/L
111,찾아봐 찾아봐 예쁜 말 미운 말,부와 권력은 왜 불평등을 허락하는가,최진수,"12,600",9.8,https://image.yes24.com/goods/143877328/L
112,오가미 츠미키와 기일상 2 트리플 특전판,공무원 전 직렬 대비,김종원,"5,400",9.4,https://image.yes24.com/goods/146509656/L
113,돈의 심리학 (30만 부 기념 스페셜 에디션),"기술이 경험을 대체하는 시대, 인간은 계속 인간일 수 있을까",존 스튜어트 밀,"17,820",9.6,https://image.yes24.com/goods/96547408/L
114,영어로 문장 만들기 훈련 1차 임계점,"자음·모음 쓰기, 가나다 배우기",박문재,"19,800",10.0,https://image.yes24.com/goods/128911318/L
115,스위치온 다이어트 레시피북,돈과 시간을 장악하는 1% 부의 법칙,해커스 일본어연구소,"20,700",10.0,https://image.yes24.com/goods/146273598/L
116,혼자서도 잘하는 첫 숫자 쓰기 1,마음의 위기를 다스리는 철학 수업,위혜정,"6,750",9.9,https://image.yes24.com/goods/145583811/L
117,2025 이유진 국어 화제의 모의고사 (봉투형),"유인원에서 사이보그까지, 인간 역사의 대담하고 위대한 질문",김주환,"15,300",9.9,https://image.yes24.com/goods/144962513/L
118,초역 부처의 말 필사집,원하는 삶을 앞당기는 돈 자동 사냥 시스템,브라이언 트레이시,"19,800",9.7,https://image.yes24.com/goods/143527379/L
119,당신은 언제나 괜찮다,종목 발굴부터 피칭까지 월가의 실전 투자 수업,정지현,"17,820",9.2,https://image.yes24.com/goods/145759826/L
120,거꾸로 읽는 세계사,"토익 리딩의 기본서, 문법·독해·어휘에서 실전까지!",한날,"15,750",9.8,https://image.yes24.com/goods/104409067/L
121,총 균 쇠,스페셜 에디션,사이토 다카시,"26,820",9.7,https://image.yes24.com/goods/118755085/L
122,줬으면 그만이지,하버드대 의사가 알려주는 5가지 회복탄력성 리셋 버튼,가와하라 미즈마루,"18,000",10.0,https://image.yes24.com/goods/116433040/L
123,내게 남은 스물다섯 번의 계절,일본 주식시장의 판을 흔들어 깨운 담대한 도전들,권남희,"15,120",9.6,https://image.yes24.com/goods/146341917/L
124,기울어진 평등,,모리시타 미유,"16,020",10.0,https://image.yes24.com/goods/145567281/L
125,인생을 바꾸는 이메일 쓰기,,모건 하우절,"16,020",9.7,https://image.yes24.com/goods/147079292/L
126,5번 레인,,이지연,"11,250",10.0,https://image.yes24.com/goods/92578889/L
127,2025 심우철 실전 동형 모의고사 Season 3,,유은하,"12,960",9.9,https://image.yes24.com/goods/144884439/L
128,2025 써니 행정법총론 실전동형 모의고사,,박용우,"12,600",10.0,https://image.yes24.com/goods/142876578/L
129,경험의 멸종,,김영아,"17,820",9.9,https://image.yes24.com/goods/146657579/L
130,혼자서도 잘하는 첫  한글 쓰기 1,,길벗놀이학습연구소,"6,750",9.8,https://image.yes24.com/goods/140484709/L
131,더 퍼스트,,이유진,"17,820",9.6,https://image.yes24.com/goods/145761530/L
132,고독한 용의자,,코이케 류노스케,"17,550",9.8,https://image.yes24.com/goods/145261633/L
133,행복할 거야 이래도 되나 싶을 정도로,,박재현,"16,200",8.7,https://image.yes24.com/goods/129775130/L
134,마흔에 읽는 쇼펜하우어,,이현수,"15,300",9.4,https://image.yes24.com/goods/122120495/L
135,샤워젤과 소다수,,유시민,"10,800",9.5,https://image.yes24.com/goods/122883845/L
136,피를 마시는 새 출판 20주년 일러스트 특별 한정판 세트,,재레드 다이아몬드,"198,000",9.6,https://image.yes24.com/goods/146965340/L
137,최애의 아이 16 + 컬러링×아이돌 컬러링북 합본 세트,,강주헌,"17,910",10.0,https://image.yes24.com/goods/146928339/L
138,사피엔스,,김주완,"24,120",9.9,https://image.yes24.com/goods/23030284/L
139,단 3개의 미국 ETF로 은퇴하라,,슈테판 셰퍼,"17,820",10.0,https://image.yes24.com/goods/143876385/L
140,완벽한 종목 추천,,전은경,"22,500",9.7,https://image.yes24.com/goods/146740015/L
141,별에게,,토마 피케티,"15,120",9.5,https://image.yes24.com/goods/144164150/L
142,빅 사이클,,마이클 샌델,"34,200",10.0,https://image.yes24.com/goods/146890101/L
143,해커스 토익 RC Reading(리딩) 기본서,,장경덕,"16,920",10.0,https://image.yes24.com/goods/116020437/L
144,토마토 컵라면,,이슬아,"8,100",9.3,https://image.yes24.com/goods/125829847/L
145,너를 찾는 파도 2 특별판,,은소홀,"34,200",9.5,https://image.yes24.com/momo/PD_19_L.gif
146,장돌이네 떡집,,노인경,"11,700",10.0,https://image.yes24.com/goods/145417166/L
147,데미안,,심우철,"7,200",10.0,https://image.yes24.com/goods/176787/L
148,죽이고 싶은 아이,,박준철,"11,250",,https://image.yes24.com/goods/101864763/L
149,회복탄력성의 뇌과학,,크리스틴 로젠,"17,910",,https://image.yes24.com/goods/146524929/L
150,평생 투자자,,이영래,"19,800",,https://image.yes24.com/goods/145392475/L
