word,count
경주,1937
여행,1568
일,389
코스,370
박,298
추천,261
곳,207
월,143
만,107
숙소,98
친구,90
일정,90
계획,87
길,87
것,84
수,84
중,82
거,77
부탁,77
질문,76
황리,75
첨성대,73
제,68
안녕,64
가족,62
불국사,59
답변,59
맛집,59
데,59
시,58
차,56
날,53
분,52
게,49
이번,48
여행지,48
명,48
여자,46
때,45
대릉원,44
아래,43
어디,42
예정,41
버스,40
펜션,39
시간,38
동궁,38
숙박,38
아이,38
이동,38
저,37
정도,37
도움,37
도착,36
생각,36
역사,35
관련,34
번,34
보문,34
석굴암,33
주,33
참고,33
월지,33
출발,32
택시,31
터미널,30
이용,30
야경,29
내공,28
월드,28
근처,28
시내,26
마을,26
추억,26
안압지,26
관광지,25
정보,24
당일,24
구경,24
박물관,24
다음,24
가요,24
저희,24
당일치기,23
처음,23
풀,23
장소,23
둘,23
원,23
방문,22
카페,21
서울,21
준비,21
자전거,20
사람,20
살,20
전,20
남자,19
편,19
혼자,19
등,19
빌라,18
교촌,18
동선,18
문,18
호텔,18
정교,18
문화,18
저녁,18
하루,18
대중교통,17
동안,17
초,17
위치,17
첫날,17
추석,17
가능,17
년,17
달,16
유적지,16
아빠,16
사이트,16
투어,16
부산,16
포항,16
쪽,15
볼거리,15
갈만,15
주말,15
감사,15
말,15
대,15
후기,14
주변,14
감포,14
둘째,14
엄마,14
수학여행,14
형편,14
거리,14
시외버스,14
달동네,14
렌트,14
국립,13
관광,13
게스트,13
하우스,13
블로그,13
오푸스,13
기차,13
천마총,13
사진,13
단지,13
부모,13
꺼,13
주역,12
소개,12
날씨,12
비,12
고민,12
교통편,12
벚꽃,12
토요일,12
문화재,12
방법,12
운전,12
여기,12
집,12
지,12
지도,11
파크,11
보문관광단지,11
자차,11
하나,11
후,11
세,11
오후,11
전문,11
시설,11
얼마,10
여행가,10
절리,10
걸,10
쭈니,10
식당,10
경기도,10
신라,10
예약,10
환영,10
데이트,10
선택,10
남산,10
학년,10
압지,10
안,10
루트,10
주상,10
돈,10
바다,10
아침,10
반려,9
축제,9
추가,9
외,9
민박,9
개,9
지역,9
한국,9
경주역,9
아버지,9
인,9
겁니다,9
필요,9
대여,9
일요일,8
시작,8
공원,8
등등,8
홈페이지,8
명소,8
오전,8
글,8
위주,8
건데,8
역,8
때문,8
초등,8
중순,8
신경,8
카테고리,8
블로거,8
시장,8
커플,8
관람,8
아들,8
어머니,8
도시,8
코로나,7
양동,7
할머니,7
나,7
채택,7
이후,7
조언,7
식,7
도보,7
포함,7
출발지,7
플레이스,7
휴가,7
밤,7
첨부,7
한복,7
첫째,7
중요,7
식사,7
날짜,7
밑,7
경우,7
경험,7
핫,7
점심,7
조절,7
음식,7
남친,7
거기,6
경비,6
연휴,6
말씀,6
껀,6
지식,6
건,6
딸,6
인원,6
겨울,6
어른,6
릉,6
행복,6
고려,6
대명,6
주요,6
모텔,6
여러분,6
고등학생,6
문의,6
여유,6
천,6
렌탈,6
대구,6
가격,6
검색,6
장미,6
금요일,6
기준,6
특별,6
학교,6
봄,6
문자,6
대형,6
여름,6
간,6
동반,6
경주시,6
월요일,6
정복,6
초등학생,6
체험,6
건데요,6
가이드,6
도,6
낮,6
리조트,6
태풍,6
자연,6
코,5
한옥,5
고향,5
남편,5
요즘,5
가지,5
쯤,5
무열왕릉,5
규모,5
애,5
공항,5
눈,5
권역,5
건가요,5
숨,5
개별,5
터,5
시내버스,5
마지막,5
겸,5
자동차,5
듯,5
이상,5
배달,5
콜로세움,5
순서,5
운영,5
군데,5
장,5
울산,5
예전,5
무엇,5
토,5
식도락,5
다섯,5
찜질방,5
중학생,5
개장,5
동네,5
간식,5
이,5
용,5
설명,5
야간,5
유적,5
만큼,5
점,5
끝,5
언덕,4
내년,4
화랑,4
대안,4
최대,4
경북,4
배차,4
첨성,4
황성,4
질,4
충주,4
중간,4
마음,4
분위기,4
십,4
스템프,4
궁원,4
경로,4
용돈,4
필수,4
나이,4
요번,4
예보,4
스팟,4
책,4
산책,4
걱정,4
계획표,4
실패,4
최근,4
고도,4
고속버스,4
시청,4
빵,4
여성,4
렌트카,4
주차,4
시기,4
현지,4
중학교,4
어딜,4
사,4
첨,4
제외,4
대부분,4
확인,4
팁,4
가본적,4
지리,4
부,4
문제,4
내,4
경주로,4
내일,4
한화,4
여수,4
남노,3
링크,3
경리,3
외국인,3
지금,3
평,3
위,3
답,3
봅,3
동물,3
콘도,3
이유,3
통영,3
주세요,3
결정,3
단체,3
강릉,3
평택,3
신경주,3
요금,3
며칠,3
무리,3
버드,3
맛,3
기간,3
편리,3
분황사,3
뭐,3
건지,3
히어로,3
분류,3
키즈,3
스쿠터,3
이모,3
밥,3
반,3
오랜만,3
인천,3
반나절,3
놀이,3
라,3
고적,3
파악,3
승용차,3
초대,3
까지,3
사이,3
수단,3
보통,3
계림,3
문무대왕,3
정성,3
제주도,3
위험,3
미,3
황룡,3
오릉,3
예상,3
심령,3
순위,3
표,3
김해,3
션,3
최고,3
욤,3
시국,3
님,3
여주,3
무료,3
효율,3
죠,3
문화유산,3
마니아,3
법,3
강원도,3
강아지,3
옆,3
대학생,3
힌,3
독채,3
체크인,3
경관,3
황남,3
먹거리,3
캐리어,3
대한민국,3
황남빵,3
관심,3
현대,3
바베큐,3
전통,3
구매,3
초보,3
랜드마크,3
꽃,3
뷰,3
동,3
시티투어,3
견,3
토함산,3
시대,3
입장료,3
국내,3
플,3
자,3
최적,3
네이버,3
중앙,3
내용,3
기본,3
주제,3
감상,3
게요,3
경유,3
시절,3
입장,3
친정,3
계절,3
평일,3
대로,3
공부,3
빵집,3
블루원,3
정리,3
주신,3
맞춤,3
엑스포,3
테,3
학생,3
운행,3
가을,3
카카오,3
조치원,2
다면,2
뮤지엄,2
금,2
여,2
국어,2
인생,2
불국,2
여고,2
대신,2
공유,2
베어,2
어린이,2
깍지,2
숙제,2
구여,2
김밥,2
단속,2
절반,2
성인,2
소요,2
결혼,2
유네스코,2
노래방,2
본인,2
엘라,2
포니,2
전후,2
생일,2
사찰,2
의견,2
풍경,2
비용,2
봉황대,2
관리제,2
포스팅,2
광고,2
낙동강,2
동서,2
종일,2
영향,2
카눈,2
대접,2
김천,2
무궁화호,2
시간표,2
조심,2
속초,2
자가용,2
월성,2
수도,2
애인,2
회,2
사항,2
의정부,2
느낌,2
단위,2
숲,2
정보지,2
수영장,2
무궁화,2
기말고사,2
재미,2
사기,2
밀레니엄,2
베스트,2
대표,2
황,2
처,2
사랑,2
불교,2
주세,2
기사,2
그때,2
상태,2
예,2
주소,2
지점,2
청도,2
ㅁ,2
팬,2
이곳,2
벨,2
소노,2
민족,2
에반,2
시점,2
가보세요,2
밖,2
할인,2
부족,2
코오롱,2
스탬프,2
피해,2
가본,2
영상,2
주의,2
감성,2
어버이날,2
동생,2
상황,2
방,2
만족,2
계산,2
통제,2
순차,2
여정,2
언제,2
마루,2
아저씨,2
주인,2
에바,2
조화,2
이것저것,2
정문,2
확진,2
바닷가,2
중반,2
신랑,2
셋,2
술집,2
동해,2
짐,2
교동,2
기대,2
드립,2
소,2
추천장,2
고수,2
이야기,2
도서,2
교통비,2
제목,2
소품,2
접근성,2
예술,2
성동,2
대릉,2
주차장,2
고택,2
누구,2
풍력,2
인피니티,2
참조,2
여름휴가,2
바람,2
자랑,2
화요일,2
자유,2
과,2
공사,2
욥,2
순,2
석빙고,2
보거,2
대중,2
노후,2
실내,2
활용,2
제한,2
곳곳,2
책자,2
언니,2
적,2
건너편,2
탐방,2
가시,2
행의,2
작품,2
방학,2
인근,2
어머님,2
대상,2
워터,2
기념,2
참,2
바,2
장거리,2
부부,2
밋,2
나용,2
요약,2
지인,2
착용,2
개화,2
편안,2
고속도로,2
봄바람,2
비수기,2
지식인,2
기림사,2
부처,2
천군동,2
이튿날,2
예매,2
연구원,2
기차표,2
환경,2
견이,2
쥴,2
패딩,2
산림,2
해변,2
군요,2
동시,2
쿠지,2
경치,2
有,2
간격,2
골,2
다양,2
그거,2
앱,2
기상,2
저번,2
구미,2
고요,2
생활,2
속,2
쉬엄,2
기온,2
캐리,2
사지,2
어사이즈,2
어려움,2
일출,2
과메기,2
이름,2
최대한,2
이틀,2
관광객,2
어르신,2
스파,2
청년,2
청주,2
최소한,2
양남,2
구체,2
중학,2
예고편,2
입실,2
이주승,2
황동,2
전현무,2
그,2
사월,2
쿤,2
바이러스,2
골든,1
안함,1
시인,1
차편,1
특징,1
반대편,1
이동해,1
오픈,1
발전기,1
뒷길,1
마라톤,1
차량,1
포석,1
거대,1
고속도,1
랜드,1
황남동,1
근덕,1
참석,1
일월,1
보람,1
우측,1
발전소,1
와이프,1
도로,1
당,1
층,1
출입,1
부자,1
오류,1
지장,1
담벽,1
교리,1
고아라,1
간의,1
서경,1
땐,1
군대,1
식비,1
실라,1
전시물,1
공룡,1
용강동,1
시작점,1
비교,1
진현동,1
연결,1
열기구,1
입장표,1
케이티엑스,1
아점,1
코너,1
걸로,1
서악,1
휠체어,1
일곱,1
북부,1
동해안,1
폼,1
삼척,1
검,1
민속,1
매력,1
남,1
대나,1
초록,1
대기,1
인기,1
단풍,1
북남,1
성,1
집중,1
합,1
호구,1
수술,1
과거,1
교통,1
서출지,1
독특,1
으뜸,1
발생,1
마무리,1
면,1
미취학,1
명가,1
초딩,1
매크로,1
횡리,1
주위,1
영화관,1
완전,1
러브,1
캐슬,1
동물원,1
아덴,1
인터넷,1
찹쌀,1
인터,1
도시락,1
램,1
신분,1
핑,1
종이,1
게시,1
ㄷ,1
려고,1
문화엑스포,1
사무소,1
근덕면,1
일상,1
막,1
알뜰,1
트립,1
도너츠,1
계획서,1
제과,1
무릎,1
공예,1
가보,1
연꽃,1
마리안느,1
홍성,1
촌,1
유튜브,1
국도,1
고분,1
이용법,1
꽈배기,1
균,1
저기,1
방문자,1
디저트,1
여학생,1
허브,1
마트,1
트로트,1
기구,1
안내,1
첨보,1
누나,1
이전,1
시흥,1
절감,1
멀,1
경부고속도로,1
황금연휴,1
ㄱ,1
내륙,1
외곽,1
직지사,1
중부,1
이요,1
유용,1
이동수,1
단자,1
월화,1
인파,1
소문,1
차비,1
휴가철,1
셀렉,1
시시,1
당방,1
사역,1
김포,1
별론,1
동행자,1
손,1
눈치,1
처녀,1
바비큐,1
프라이빗,1
강추,1
천국,1
일본인,1
안전,1
식구,1
기행문,1
미실,1
드라마,1
내국인,1
성비,1
고래,1
조정,1
설날,1
지요,1
마찬가진데,1
가려,1
박할,1
아주머니,1
특산물,1
두말,1
잔소리,1
화장실,1
채,1
침대,1
켄싱,1
턴,1
연세,1
번화가,1
숙박비,1
모습,1
고기,1
문어,1
사흘,1
일반,1
작성,1
수기,1
만끽,1
기원,1
돌,1
시민,1
실시,1
개복치,1
언서,1
사절,1
광관,1
값,1
끼,1
이걸,1
대세,1
선덕여왕,1
전동,1
종목,1
글램,1
오려,1
가거,1
든여,1
스카이,1
선물,1
극,1
명절,1
국보,1
비치,1
호,1
지정일,1
교통수단,1
불편,1
오정,1
캘리포니아,1
시부모,1
인사,1
권,1
등반,1
감수,1
전수,1
동산,1
한식,1
여기저기,1
얘기,1
견과,1
수원,1
음악,1
이하,1
보존,1
서프라이즈,1
아니마,1
이외,1
면허,1
핑장,1
다,1
안서,1
그쪽,1
파손,1
부근,1
종,1
안압,1
신중,1
북카페,1
그것,1
하이킹,1
보리,1
경상도,1
한우,1
시경,1
지첨,1
주인공,1
트,1
대월,1
경주타워,1
여인네,1
물회,1
현명,1
고등학교,1
멜레,1
렌,1
걸작,1
호수,1
미회,1
계급,1
키덜트,1
중양,1
보관,1
즉시,1
퇴근,1
영웅,1
직장,1
알바,1
세계,1
지정,1
고충,1
거주,1
아웃,1
물가지,1
앞,1
건축,1
노하우,1
식물원,1
트랜드,1
시즌,1
신경주역,1
비피,1
뉴스,1
기상청,1
옥,1
청공,1
옥스,1
테이,1
여권,1
청소년,1
증,1
코레,1
봉길,1
포석정,1
성덕대왕,1
옵션,1
딸래미,1
개월,1
그곳,1
번국,1
도변,1
무렵,1
자녀,1
진주,1
새벽,1
에서,1
어딘가요,1
이맘때,1
해결책,1
제시,1
황지,1
지역민,1
취향,1
경경,1
조사,1
결과,1
바탕,1
제안,1
전남,1
김,1
선배,1
작년,1
열차,1
정서,1
여동생,1
안내소,1
구,1
광주,1
결혼기념일,1
다의,1
외도,1
하룻밤,1
원주,1
부산대,1
동요,1
금소,1
유,1
큰아이,1
경주마,1
벨라,1
스크린골프,1
휴양,1
루지,1
카트라이더,1
솔거,1
미술,1
관동,1
북면,1
탑승,1
천북면,1
퇴실,1
금액,1
칠순,1
천마,1
애견,1
지난번,1
알리,1
미가,1
덕분,1
구스,1
힐,1
환절기,1
뒤,1
전주,1
입력,1
투숙,1
스케줄,1
저질,1
체력,1
가격대,1
잠,1
체크아웃,1
추천요,1
위한,1
원대,1
그동안,1
신축,1
신상,1
실행,1
조립식,1
가성,1
낭비,1
술,1
나름,1
식대,1
조,1
주머니,1
전역,1
직전,1
세영,1
어린애,1
흥미,1
기반,1
실제,1
평상시,1
제주,1
텍스,1
자신,1
바퀴,1
나드리,1
컴퓨터,1
해몽,1
꿈,1
예산,1
전용,1
차선,1
연중무휴,1
소록,1
스테이,1
정상,1
휴무일,1
방해,1
개인,1
집행,1
로또,1
빙판길,1
불안,1
메뉴,1
제공,1
요소,1
역하,1
도보이,1
성수기,1
걸음,1
의미,1
리스트,1
낭,1
현지인,1
최초,1
궁터,1
왕자,1
초반,1
건강,1
줄,1
오랫동안,1
비추,1
셍,1
독,1
휴식,1
코트,1
경량,1
용시,1
인치,1
매일,1
폴라로이드,1
카메라,1
렌터카,1
가여,1
추도,1
미술관,1
우양,1
가야,1
화,1
잔치국수,1
법주,1
밀면,1
움직임,1
경험담,1
테마파크,1
대공원,1
원릉,1
동굴,1
객실,1
조금,1
구성원,1
가실,1
포토,1
존,1
수면,1
유산,1
활동,1
월드컵,1
평지,1
경남,1
새천년,1
도무지,1
미디어,1
원추,1
천해,1
요동,1
개방,1
시험,1
감,1
업장,1
아파트,1
갑부,1
께,1
국사,1
갠,1
용기,1
고의,1
클릭,1
피처,1
마련,1
매년,1
여의도,1
기분,1
귀신,1
테디,1
셋째,1
미소,1
중점,1
보,1
문호,1
쿠팡,1
콩코드,1
패키지,1
무리수,1
길안,1
콜,1
김유신,1
장군,1
묘,1
스타,1
벅스,1
원점,1
커피,1
미온수,1
크기,1
고객,1
버블,1
타임,1
댕댕이,1
검니,1
목적,1
미추왕,1
희망,1
토글,1
보험,1
몇,1
자문,1
알짜배기,1
여행자,1
톨게이트,1
침,1
이때,1
이거,1
지적,1
수정,1
청,1
해용,1
분실,1
야기,1
멋,1
아내,1
세째,1
대전,1
여수인,1
고속,1
기념품,1
대략,1
연말,1
분석,1
이동은,1
연락,1
토월,1
유흥,1
준,1
특가,1
이벤트,1
진행,1
파티,1
총액,1
회사원,1
반원,1
가르,1
행사,1
월정,1
교의,1
왕복,1
출근,1
요인,1
겹벚꽃,1
바랄,1
호미,1
일대,1
퀄리티,1
중도,1
타워,1
음식점,1
한옥마을,1
완벽,1
홈피,1
상관,1
여럿,1
공간,1
구요,1
생물학,1
정신,1
미성년자,1
세일,1
산업,1
불,1
국동,1
행정,1
복지,1
센터,1
이나,1
이모님,1
할머님,1
백,1
첫차,1
휴일,1
여친,1
지원,1
프로그램,1
본격,1
세염,1
부분,1
공감,1
손님,1
콘,1
궁금,1
씨티,1
기회,1
두꺼비집,1
유명세,1
교복,1
하행,1
환승,1
휴상,1
외동,1
구용,1
답사,1
조명,1
용지,1
기억,1
적극,1
출처,1
목적지,1
아무것,1
과학관,1
감은사지,1
삼층석탑,1
최소,1
인당,1
만용,1
폐장,1
폰,1
버꾸,1
파일,1
나만,1
담주,1
수요일,1
아홉,1
힐튼,1
지구,1
옷,1
요일,1
빠,1
변경,1
선정,1
놀이기구,1
형,1
북,1
홈,1
북구,1
여덟,1
여섯,1
바니,1
최저,1
맞은편,1
케이크,1
한입,1
시그,1
인접,1
뮤직,1
떡갈비,1
요급,1
물,1
아르바이트,1
